WejfbZ22qlq-VZJwreE5Fg,3746,-1018,NoCurbRamp,SurfaceProblem,60
r2Oo5S8v2ritGCEjbC3fEA,4146,-951,SurfaceProblem,SurfaceProblem,52
wuk--sZ3fJyMsMo4tJuybg,4684,-948,NoCurbRamp,CurbRamp,35
V-L9_vKYo_c8ftXiiIei2w,7924,-640,CurbRamp,CurbRamp,60
bV4C_Q1VLnHuAnCl0C5n6g,70,-640,Obstacle,Obstacle,74
W8_emPaPRqM87VAUNvL9KQ,9076,-448,Obstacle,Obstacle,54
T4qW76s-3MCGQfsXJ0G7AA,2201,-179,CurbRamp,Obstacle,63
LsO4IQZWo6v_SB8MIg4QpQ,7141,-464,NoCurbRamp,NoCurbRamp,61
NxGqyhjeCbOGEzwvXp_5lg,2166,-507,NoCurbRamp,SurfaceProblem,77
9Ec-rByR7q90916QMnrZjw,3007,-1108,NoCurbRamp,SurfaceProblem,66
qTqy8ApuwdqFJLM39Tpohw,2489,-596,SurfaceProblem,SurfaceProblem,52
oqP7byVfpym5eotQ9U4fdA,4741,-478,NoCurbRamp,SurfaceProblem,52
xjFbY9o7maOIw6WWqGPb3g,4835,-561,Obstacle,SurfaceProblem,51
DF4VBwDNJeFEg80MG6WL-A,4043,-608,SurfaceProblem,SurfaceProblem,43
nZMTzQsf8Yhsb8Dd9yBwHw,2104,-734,NoCurbRamp,SurfaceProblem,58
A-eM226LYCgGNB1WLubj8Q,2339,-946,SurfaceProblem,SurfaceProblem,35
p-rJVykMOw5fr52Lo8svYw,12272,-1048,NoCurbRamp,SurfaceProblem,63
FV8qUKIW0My0Nfe2k4459A,9056,-219,SurfaceProblem,Obstacle,52
_ooQwlzQF_tLa6m_NydXoQ,8233,-715,Obstacle,Obstacle,38
z2CaNDeJwX0fFi45ay-xTg,10635,-390,CurbRamp,Obstacle,55
BnNslKXkN6VExflPOKJ8jw,1864,-257,Obstacle,Obstacle,56
nTol0mPdHLvkBYOC2VYToA,1498,-913,CurbRamp,Obstacle,50
hDnmhdxjioVmAw7opmGksQ,159,-265,CurbRamp,Obstacle,63
iXYGtES5ujggzEp38_EJYg,9326,-419,Obstacle,Obstacle,50
dTz4WUjV2cN8CdlrYRIljQ,5713,-352,NoCurbRamp,SurfaceProblem,41
brmET-k8-7Wc7c6EpWEc1w,4967,-528,SurfaceProblem,SurfaceProblem,40
tOy882rkHwRTi2BEp0_4AA,3233,-458,CurbRamp,SurfaceProblem,53
Kdy17T0hvCa_9qpAJYHLjg,7149,-817,CurbRamp,Obstacle,52
Hw0xWH4HqJTn2yhCpwNHoA,4012,-707,CurbRamp,SurfaceProblem,55
vgWIpyO2xEL8ceVKK8u4QA,11605,-634,NoCurbRamp,NoCurbRamp,56
0Y_pWJAhRs_uedmnIiIm0A,11124,-784,SurfaceProblem,SurfaceProblem,53
_ThcAfjL-9PVTI2IGWcIkg,5819,-416,NoCurbRamp,Obstacle,59
b_oAXeqgQXNskG-vg5PiVQ,11607,-248,CurbRamp,Obstacle,61
PfUfvQBPMDtsbtpoPlTBpw,4278,-584,SurfaceProblem,SurfaceProblem,78
omDZ1-fFNfCXRBMJfcvQtQ,2510,-327,Obstacle,Obstacle,51
7YiyTzFbvNivLvYXAuu88Q,3852,-693,SurfaceProblem,Obstacle,56
5f6UAV6KRhpRiUOg9Aw-qg,795,-463,CurbRamp,CurbRamp,68
idYCvlxAe29SD5bymWo-7w,5603,-1027,Obstacle,Obstacle,51
7ujsI1IaeN3Z-zrg4HUQHw,5447,-513,SurfaceProblem,SurfaceProblem,38
fmMub6D899aDUy-lqFWVDA,12477,-535,CurbRamp,Obstacle,52
pX8k1JNtPHn6ApSLt0WG-A,9908,-598,Obstacle,SurfaceProblem,65
dd3XXVb8eaIf5FcUAMqySg,10095,-775,CurbRamp,Obstacle,59
WaQLAHgltK-hu7bF0T8yJg,4913,-732,Obstacle,SurfaceProblem,52
cmucC73cw4gRsuMaUi4rrg,9186,-424,SurfaceProblem,NoCurbRamp,36
RuCFS7Zkg9pqvKOS1KYC9A,3259,-1596,CurbRamp,SurfaceProblem,41
7YiyTzFbvNivLvYXAuu88Q,3194,-779,Obstacle,Obstacle,55
Wo48_aT9oB8iT_kLiRKPyw,13244,-296,NoCurbRamp,Obstacle,38
VNQoX0jKHUnS-3q2WUrRYA,7903,-358,CurbRamp,Obstacle,56
nb9t2WMO155n_KZOcxOECQ,4152,-491,Obstacle,Obstacle,57
7Y3UweyyZqDYGrFaXYUyUA,6474,-1402,Obstacle,Obstacle,56
KNqpqoiAo51zDgLJZGXmqg,12746,-388,CurbRamp,Obstacle,62
FtVutmNrUKipYvd8o9vcaw,2915,-385,Obstacle,Obstacle,44
9LEVZRCMnKr72YlnRxmw1g,4634,-440,SurfaceProblem,SurfaceProblem,57
VFCm87uDgQGl_dGyUwniWA,6776,-715,NoCurbRamp,CurbRamp,35
h23DpudAUQLh6JtsZcPseg,11091,-857,SurfaceProblem,SurfaceProblem,63
E4k4z3NyNliDRFMn_94fig,919,-641,SurfaceProblem,Obstacle,66
iW9sQHZj-q8tcm85q7uY9w,11040,-845,CurbRamp,NoCurbRamp,51
QP-wbK_b0uXCjHa8rGpDzg,658,-191,CurbRamp,Obstacle,59
LUc-zNs7mO2ahq797oH-zQ,2443,-606,SurfaceProblem,Obstacle,39
22eSqmXh8urszibqJkvoPg,879,-197,NoCurbRamp,CurbRamp,43
6WbY_F4cHQF3KGel39vcQw,6991,-536,SurfaceProblem,Obstacle,59
A-eM226LYCgGNB1WLubj8Q,4108,-331,CurbRamp,SurfaceProblem,61
3cVMk8nTH_hvkIvKz7EG_A,1277,-1117,SurfaceProblem,SurfaceProblem,42
D5Se4AuiyxHr2ht2CkjnBQ,6236,-393,SurfaceProblem,NoCurbRamp,45
xknXWuoxVvX58NGN6sJ2vQ,1647,-291,SurfaceProblem,NoCurbRamp,61
3ZqzG78yCvMxWjtsbS4sUA,2820,-577,NoCurbRamp,SurfaceProblem,53
yVu1RX2Ri4CQa2dpYDoxAA,2307,-280,NoCurbRamp,NoCurbRamp,55
OCXcoiBzrjS1KbyIzez83g,947,-475,NoCurbRamp,NoCurbRamp,51
AqwNzjEXzE0LhxIln801Gg,813,-650,SurfaceProblem,NoCurbRamp,61
QxbzMVZ-YYo_voWhEwVV6A,11549,-289,Obstacle,Obstacle,50
ygjyGcyTFoqeYILY2wpOxw,9224,-622,Obstacle,Obstacle,53
DTN__8w8ljcdVDYlDJ9Vog,5190,-359,Obstacle,CurbRamp,56
xscW1Uom1Upky-QGqHrwhw,3782,-456,CurbRamp,Obstacle,53
eyktT1fL6ymP6jOXXa9_0Q,10691,-309,Obstacle,Obstacle,76
bR6oV1AfV5_ZgG9qxk7sJg,12685,-100,SurfaceProblem,Obstacle,34
gtZURGpFLF06wq2toy_gBg,3533,-318,CurbRamp,Obstacle,57
Kdy17T0hvCa_9qpAJYHLjg,8040,-1205,NoCurbRamp,Obstacle,45
OkUNf5Iejn03-NppiYCj0g,5537,-393,SurfaceProblem,Obstacle,56
HmIrniqCXRRLdzjoaAmLfA,9892,-842,Obstacle,SurfaceProblem,55
53PJ9NuERcvfRvPwoRIkUQ,1417,-251,Obstacle,Obstacle,54
pn4K6uKsurl7qs5Dx8eUaA,3750,-281,CurbRamp,Obstacle,55
C_VI7Urkz6UMbfog3Eo5vA,4474,-248,CurbRamp,Obstacle,54
V8mHHhxXbbHC6GxGeSJNWw,2275,-324,CurbRamp,Obstacle,54
v1T1O7XDKe0TzihZhwWkeQ,1359,-372,Obstacle,Obstacle,73
6WbY_F4cHQF3KGel39vcQw,43,-1281,CurbRamp,CurbRamp,30
1eePVoxBHty00iRN3_k72g,2195,-787,SurfaceProblem,SurfaceProblem,57
iXYGtES5ujggzEp38_EJYg,11083,-353,Obstacle,NoCurbRamp,61
nC0E3q3UrWGGC-bBmo-tZQ,10119,-457,Obstacle,Obstacle,71
B3bw7uMP9XPZKN3cLNWtTw,5531,-345,Obstacle,CurbRamp,64
rmiHQyvoRbz9ozkfMWjdKA,11419,-231,Obstacle,Obstacle,64
3zcrhqVZmXigArxxbhf3Xg,5017,-593,CurbRamp,Obstacle,51
cCrayTbMqZM40aLipINa4g,550,-430,SurfaceProblem,Obstacle,61
SFmz-YEp3vbrMEuNhh206A,9461,-423,Obstacle,Obstacle,51
o1YKH3l1bjb_swTCIeuF_w,404,-693,CurbRamp,NoCurbRamp,67
PzKLPRWBFuASHjalf9__Sw,6386,-374,NoCurbRamp,Obstacle,51
2A6p50LemUj6YuJYRTcoOA,5069,-837,Obstacle,NoCurbRamp,52
lN36mH7jt-ksHznZyegv_g,1879,-368,CurbRamp,Obstacle,54
EWazcRXx4rxAJN-uqRdT1g,5597,-441,Obstacle,Obstacle,64
UUiDDc1b4CUITVCmY2uTlQ,12584,-340,SurfaceProblem,Obstacle,35
SyBRKwoEe9GPdCDLFUtSGg,1993,-294,Obstacle,Obstacle,77
yniMIVaOvbrF21Hv797hZw,9259,-628,Obstacle,SurfaceProblem,56
YYphuyoJuOKXQ5SKeDNLZw,12642,-982,NoCurbRamp,SurfaceProblem,67
lk95zcW0edw2sZCB1rMPTA,12710,-408,CurbRamp,CurbRamp,54
TrU4DYp3l-VZwSqYcDGq3A,4387,-695,CurbRamp,SurfaceProblem,52
fG8IfgmxxrrbToWxg1L50Q,12756,-19,Obstacle,Obstacle,52
lO6AMvS9-cBy5JuBM4SMEw,3486,-351,CurbRamp,SurfaceProblem,60
4gQPTKnVWtTrdCF7HXPANg,9449,-324,CurbRamp,Obstacle,51
phssnN9IGJPhjw6xKvvz-g,1077,-432,CurbRamp,Obstacle,50
7cwGTyrtV6yKUtHO6TmUew,12056,-797,NoCurbRamp,NoCurbRamp,59
b0eOV36e75GdxsTJKxhJzw,5509,-420,CurbRamp,Obstacle,50
tHaeiW4iQaaeTM4gFFqLKw,2223,-207,Obstacle,Obstacle,56
xknXWuoxVvX58NGN6sJ2vQ,361,-326,Obstacle,NoCurbRamp,63
-E5BPxO3cbnDFLEmdC4jLA,11235,-689,NoCurbRamp,Obstacle,70
b_oAXeqgQXNskG-vg5PiVQ,5133,-190,Obstacle,Obstacle,66
6WbY_F4cHQF3KGel39vcQw,7272,-720,SurfaceProblem,NoCurbRamp,61
S8AayapUV3yoGfr3yAJArQ,11140,-490,Obstacle,Obstacle,63
IFNOhPDdL1TzZihIu1B0Xw,10387,-735,CurbRamp,SurfaceProblem,55
Y7TcC9o_qgl-XI15vT8zsg,3581,-1078,SurfaceProblem,NoCurbRamp,61
OOKrJTBWOBrGyv-rlK5HvA,2350,-310,SurfaceProblem,Obstacle,42
aRBv6J1fZut0D40jKVm0IQ,5383,-417,SurfaceProblem,NoCurbRamp,53
KCe4bSr7VfB-KnwE2M_x0g,12382,-397,CurbRamp,Obstacle,58
lnqOidrfYokO7MFMI2c3iA,10925,-426,CurbRamp,Obstacle,63
7cwGTyrtV6yKUtHO6TmUew,1797,-671,NoCurbRamp,NoCurbRamp,74
3v1xeZNOZtkRCiHkbLy6vg,4801,-350,NoCurbRamp,NoCurbRamp,55
fG8IfgmxxrrbToWxg1L50Q,13036,-63,NoCurbRamp,Obstacle,38
A-eM226LYCgGNB1WLubj8Q,3599,-639,CurbRamp,Obstacle,53
b_oAXeqgQXNskG-vg5PiVQ,11176,-255,CurbRamp,Obstacle,61
oTojcOLTvAojggMKbp3aVA,10336,-82,CurbRamp,Obstacle,56
3ZqzG78yCvMxWjtsbS4sUA,3356,-459,CurbRamp,Obstacle,53
idYCvlxAe29SD5bymWo-7w,6301,-1042,Obstacle,Obstacle,41
WEUDr7EXfm12sFX5GuLMsQ,11701,-830,Obstacle,Obstacle,42
4Czt4q0BsHpIvLTRccKRuQ,9507,-417,CurbRamp,Obstacle,52
y3Y2-dz1rtZpCqH0W-Odyw,4762,-526,NoCurbRamp,Obstacle,46
ptrNt10ADQs8SFk3M3RZnQ,8528,-420,Obstacle,NoCurbRamp,57
3v1xeZNOZtkRCiHkbLy6vg,6829,-806,SurfaceProblem,NoCurbRamp,60
-BPVTwhyTejjLbIJiUVYIQ,1765,-1197,NoCurbRamp,NoCurbRamp,55
Z77IZcLuOgthuvbuUQSHhw,4205,-326,Obstacle,Obstacle,54
2A6p50LemUj6YuJYRTcoOA,8668,-730,Obstacle,NoCurbRamp,38
TnANORuEWpEMc44k-EpN1Q,12989,-678,NoCurbRamp,CurbRamp,54
hxvyzDJJpysNtJUSqylkmA,8186,-1193,CurbRamp,Obstacle,68
ZWhFu6Jd25gnr5E9NsGpog,2233,-360,Obstacle,NoCurbRamp,60
VWa0zg4Hiyt3wpTnm9zJOA,5676,-347,Obstacle,SurfaceProblem,55
vplluXNegJ023LVA-ZWITA,2628,-753,Obstacle,NoCurbRamp,54
uLCrWTPpxr9o-8QTlYD2eg,1952,-332,SurfaceProblem,NoCurbRamp,58
vmbTc-6wsYazrjywh5xnUw,1582,-873,NoCurbRamp,NoCurbRamp,73
K3mMEOdiokYVBJgj2gT0_w,5093,-1436,SurfaceProblem,NoCurbRamp,38
YAZ7bJX-58uxzKbBW5o7yA,11987,-417,CurbRamp,Obstacle,62
30wSSwpQyfXG91DmzPtzXw,3472,-777,Obstacle,SurfaceProblem,40
JZRKM5-Fqxc4u1VDHhRRKQ,10534,-1105,CurbRamp,NoCurbRamp,58
PAYp-c9220Jhw-McgD9mNg,12782,-541,CurbRamp,Obstacle,58
lk95zcW0edw2sZCB1rMPTA,12123,-498,CurbRamp,CurbRamp,54
ytKx1ypO9LO1nKPI5N59MA,6911,-937,CurbRamp,NoCurbRamp,51
7MUGzvisqGPhkgU93ieBVA,12029,-227,SurfaceProblem,Obstacle,59
EX0bmrh4-6AyAwmOHoEjyA,12752,-773,CurbRamp,SurfaceProblem,65
XQYW0DFkeikkZ0-m8EXQbA,6981,-318,SurfaceProblem,CurbRamp,53
Y36NiAizeHOC5aoF-yLfZg,1234,-606,Obstacle,Obstacle,56
Et9Zm3Esp8JS9UByHyDGww,9946,-432,CurbRamp,SurfaceProblem,53
vab8Pdz_crutOLFqS9r9Ew,8131,-447,Obstacle,NoCurbRamp,53
Y36NiAizeHOC5aoF-yLfZg,7286,-599,CurbRamp,Obstacle,54
EhTLRzg6TtmIoY7RehxgpQ,5881,-742,CurbRamp,SurfaceProblem,40
EWazcRXx4rxAJN-uqRdT1g,12123,-403,Obstacle,Obstacle,46
erQFcbOWEsfSsqza0QubkA,11806,-490,Obstacle,SurfaceProblem,40
C_VI7Urkz6UMbfog3Eo5vA,3954,-335,CurbRamp,NoCurbRamp,51
ZU7DG-hNFQzV1G3zB23GCw,8916,-733,NoCurbRamp,Obstacle,61
RzaKd9b0PafelNebCgkueQ,5072,-447,Obstacle,Obstacle,58
Vyy9fUxkiJSxcJElurKAHA,1150,-380,CurbRamp,CurbRamp,61
wniaBypXDPzE31gaGjcV3Q,2845,-1283,CurbRamp,Obstacle,52
xpZ2jSxOwSAYpXehsVX4EQ,5102,-537,NoCurbRamp,SurfaceProblem,39
QbqNp0VUD-XAZ5j7qxbACA,1731,-733,Obstacle,Obstacle,56
_ThcAfjL-9PVTI2IGWcIkg,5279,-586,NoCurbRamp,NoCurbRamp,53
V67Nf7PIpKcBCiF0WyaVPQ,902,-584,CurbRamp,NoCurbRamp,60
MdrWtcqInOYOyuDsLSCtQg,13211,-387,CurbRamp,Obstacle,61
mHv9y7Xu5K3QmqG7Lqz2xg,5126,-497,SurfaceProblem,SurfaceProblem,40
4Czt4q0BsHpIvLTRccKRuQ,934,-300,CurbRamp,Obstacle,55
TO5jBZFHuSSzK6p1NnXgJQ,9177,-543,Obstacle,SurfaceProblem,57
9l6MO0OP2_Pxuyd-dbeuZg,8175,-1308,SurfaceProblem,SurfaceProblem,54
92ZZ-oToFsK3Zq25TIkzpw,4525,-404,CurbRamp,Obstacle,65
oqP7byVfpym5eotQ9U4fdA,456,-505,NoCurbRamp,SurfaceProblem,45
99PBI-VxMBd5vgqSlelpgw,8687,-328,CurbRamp,Obstacle,58
Hea71Bl-hiygf4PeSKMGkg,5349,-207,SurfaceProblem,CurbRamp,53
gU7RHvT-brjK3bSmFstSTw,9211,-604,Obstacle,SurfaceProblem,43
yqrHSGUuf0fIFocD2CRojQ,11543,-697,CurbRamp,SurfaceProblem,46
kg6gvxEVbgegh_-62h0enw,2902,-554,Obstacle,SurfaceProblem,57
MFGP7Rjceict7K2yxFTnYA,2701,-1694,Obstacle,SurfaceProblem,38
pJ31pvi0W8a716a4-DdrJw,3130,-706,SurfaceProblem,SurfaceProblem,59
Nii731OSX5CQ9AIRXTEcdg,10353,-583,SurfaceProblem,Obstacle,54
-1VbzB8qqeMVY6rjf3S8rw,3389,-212,CurbRamp,Obstacle,54
H__cSTPL3vwTZxaqRk8Rjg,2749,-518,Obstacle,SurfaceProblem,51
prMAsZ283Q-GBpPv9OA2IQ,5160,-376,SurfaceProblem,NoCurbRamp,34
9qhlqXRrV2TM7REsCty0JQ,8891,-458,CurbRamp,Obstacle,61
hAxtxdWPGCpd-tB5KnFhIA,5985,-421,SurfaceProblem,SurfaceProblem,57
14sjCz94yD5Zahs2Ow9Spg,5224,-659,CurbRamp,NoCurbRamp,58
RoOyujZ_v9GlaDgmKdclvw,690,-755,SurfaceProblem,NoCurbRamp,53
jQdLwvjVMqab7AAsMcrVQA,600,-391,CurbRamp,CurbRamp,57
sPYP6S60xuD2gJ2LDe8w3g,5836,-1120,NoCurbRamp,NoCurbRamp,63
CPSqT7H0cQ1PpUs3PRt0kQ,2407,-629,CurbRamp,SurfaceProblem,53
RNYTVhmfV8HnT33PmNE2Wg,9436,-430,NoCurbRamp,Obstacle,42
3p46McMD5I9JwL7qNeUnZA,12990,-162,CurbRamp,NoCurbRamp,53
esi9W0M1FomRLwTi-I6Xfg,1911,-354,CurbRamp,Obstacle,56
yVu1RX2Ri4CQa2dpYDoxAA,3732,-264,NoCurbRamp,NoCurbRamp,65
Fg6FbFdVhG8ix_rve9LulQ,11399,-641,SurfaceProblem,SurfaceProblem,44
cf_sTwiOnWEbXxFsphfd6g,6469,-1556,CurbRamp,CurbRamp,52
cw-0K7uRflKtVfwHFhUj-w,5706,-505,NoCurbRamp,NoCurbRamp,59
hYEH3dM1ydGeOvU7l906_A,11453,-997,SurfaceProblem,SurfaceProblem,53
3NCbFOAsTaiCFw19YXDO9A,7317,-393,Obstacle,SurfaceProblem,62
IPINWuRD6RThQtPSHnVRZw,5253,-477,CurbRamp,NoCurbRamp,56
RHbZG3DcwOhPI5zZIO6-Fw,8245,-355,CurbRamp,NoCurbRamp,56
KfDemhhb5ZW425lspYnvWg,8238,-402,SurfaceProblem,NoCurbRamp,37
7cwGTyrtV6yKUtHO6TmUew,7518,-532,CurbRamp,NoCurbRamp,67
Fj5zjc-3Dng5_-u3HTKknw,4206,-574,CurbRamp,SurfaceProblem,54
0o5UD2lV47rsCz1NNl2_WQ,1856,-406,NoCurbRamp,NoCurbRamp,58
LmXl_0zdMQ1H4d6F3E4OsQ,3563,-733,SurfaceProblem,SurfaceProblem,63
tXeXR2iHkExc6YHxy0fNTw,11928,-347,CurbRamp,Obstacle,51
g3MoK7ZQrv5xFgnuhfx-dA,8757,-55,Obstacle,Obstacle,51
tkwxTEfXIL817hZIMDCyrQ,11702,-468,SurfaceProblem,Obstacle,53
AUppRPrzA-PtPjW8jfJ1lA,532,-520,SurfaceProblem,SurfaceProblem,52
UHN-clHdKvxa5CJqs5Pejg,413,-616,SurfaceProblem,SurfaceProblem,75
sPYP6S60xuD2gJ2LDe8w3g,13103,-979,NoCurbRamp,NoCurbRamp,64
-xFMgZb4DykoBhCKeUP_yg,3532,-709,CurbRamp,SurfaceProblem,64
Ii4_QF95UYk2cAHEXdn1EA,3920,-223,CurbRamp,CurbRamp,65
fkBll9yUWMB0-OG63wHShQ,5445,-993,NoCurbRamp,NoCurbRamp,70
dBThEy4NAUekmhMfPRK0DQ,162,-426,Obstacle,CurbRamp,72
cw-0K7uRflKtVfwHFhUj-w,2223,-749,NoCurbRamp,NoCurbRamp,71
0gxNAANPE8gfo_jbIw_kXg,11932,-907,CurbRamp,Obstacle,57
2u2bu486JRAt5O7MRS4lbA,3928,-1427,NoCurbRamp,NoCurbRamp,67
aP5ZY6IHE3lziMBQQutnVg,10918,-279,CurbRamp,NoCurbRamp,53
D5Se4AuiyxHr2ht2CkjnBQ,9695,-1252,NoCurbRamp,CurbRamp,38
fnSNW0E9urQ7bfNcOts3_w,9541,-615,CurbRamp,CurbRamp,52
q0p_G2FReId2ECtNza9Gsw,2346,-676,CurbRamp,Obstacle,45
2A6p50LemUj6YuJYRTcoOA,8452,-478,Obstacle,NoCurbRamp,39
M_LtF1qVQYCjxZzlJy9TDw,12692,-570,Obstacle,Obstacle,54
DFMA5XBsAG_IZ6czccRGsw,787,-127,Obstacle,Obstacle,50
cmucC73cw4gRsuMaUi4rrg,5219,-258,CurbRamp,NoCurbRamp,53
rmiHQyvoRbz9ozkfMWjdKA,9094,-351,CurbRamp,CurbRamp,55
D5Se4AuiyxHr2ht2CkjnBQ,7456,-987,CurbRamp,SurfaceProblem,51
_tRAfCvl_Ffq_ojGtma-Rg,8859,-560,SurfaceProblem,NoCurbRamp,54
PfUfvQBPMDtsbtpoPlTBpw,10994,-481,CurbRamp,SurfaceProblem,51
VFCm87uDgQGl_dGyUwniWA,952,-498,CurbRamp,CurbRamp,64
9eFpe2DikIfKiyO-ASA8tQ,13015,-610,CurbRamp,SurfaceProblem,57
e9wI2ahRG382AeEfayqxag,2674,-465,CurbRamp,NoCurbRamp,71
NIWntsyfk5i8XKhKmW26xw,9235,-727,NoCurbRamp,CurbRamp,55
2BcncBnwUvviwVbBqMVaVQ,6991,-554,CurbRamp,NoCurbRamp,69
wiW8PBT09OyhaBosI5vw6A,2097,-1016,SurfaceProblem,CurbRamp,59
eDOUWykuh7ZZeSw6CXmlYw,2956,-692,SurfaceProblem,NoCurbRamp,56
0o5UD2lV47rsCz1NNl2_WQ,9333,-744,NoCurbRamp,NoCurbRamp,68
rcYK_OVC-n783QehTybHzA,11074,-630,CurbRamp,NoCurbRamp,52
_NAC3HOv766nLTRnEsCOwQ,12411,-520,CurbRamp,SurfaceProblem,54
ad45Wv6D58W0q0q6tp3oxw,2467,-569,Obstacle,NoCurbRamp,58
ORBQ2sFN7pMgKSx3Ypiasw,8714,-573,CurbRamp,SurfaceProblem,52
NbaqF5BPsv8-jU9YkvKpww,12321,-409,CurbRamp,SurfaceProblem,51
qB4VmYOOJgxbKqnnVoJ6OQ,12495,-635,Obstacle,Obstacle,63
mADzhX_EbNX-almFPPDqZQ,12966,-723,NoCurbRamp,NoCurbRamp,55
Z77IZcLuOgthuvbuUQSHhw,764,-383,Obstacle,NoCurbRamp,53
5vi-c4ck3df_Nj5jI64SNQ,9817,-427,CurbRamp,Obstacle,56
gGlOgsm4JxmTkNW336MSQA,819,-739,Obstacle,Obstacle,77
q7m-bkWfeWaobed8AuSM-g,2794,-919,SurfaceProblem,Obstacle,52
fuYW1uGYLzBBwmPI90m_aA,1471,-1503,NoCurbRamp,NoCurbRamp,35
QsN2evdARPjQTdoqTQJ4Yw,5137,-1262,Obstacle,SurfaceProblem,50
V67Nf7PIpKcBCiF0WyaVPQ,5396,-1401,NoCurbRamp,NoCurbRamp,75
FpWarYiHs70UkrUkbuMdvw,6929,-285,CurbRamp,Obstacle,58
AMPSfk0QCyATAu68K5up6w,9535,-872,CurbRamp,CurbRamp,52
oqP7byVfpym5eotQ9U4fdA,1159,-488,CurbRamp,SurfaceProblem,57
tscHC9WLoe4_IiZrLfa_iQ,4951,-452,CurbRamp,SurfaceProblem,60
xe3UHTWPN3lXsODOg_uOpw,2593,-578,CurbRamp,Obstacle,81
qdtf_Yb4BQ8Py-AZIHyKTw,7493,-312,CurbRamp,SurfaceProblem,54
_L0IsnGtj8Qred1nbny9Vg,5665,-263,NoCurbRamp,Obstacle,38
tXeXR2iHkExc6YHxy0fNTw,8703,-784,CurbRamp,Obstacle,52
4Czt4q0BsHpIvLTRccKRuQ,10755,-443,CurbRamp,Obstacle,65
C1VeeaWQ3MT_tRzq2raj4g,8250,-140,Obstacle,Obstacle,62
YuYbdgR1DCbLl6YnXpwrEQ,1138,-966,Obstacle,Obstacle,54
iXYGtES5ujggzEp38_EJYg,9145,-409,CurbRamp,NoCurbRamp,53
C_VI7Urkz6UMbfog3Eo5vA,11456,-463,CurbRamp,NoCurbRamp,54
U_2W2VIqIhhaIJOesAhC4Q,11535,-564,CurbRamp,CurbRamp,56
V67Nf7PIpKcBCiF0WyaVPQ,4307,-1303,SurfaceProblem,NoCurbRamp,43
3kR7oWqJErx23hpXpE2qXQ,9297,-104,CurbRamp,Obstacle,42
cw-0K7uRflKtVfwHFhUj-w,5122,-546,CurbRamp,NoCurbRamp,51
2u2bu486JRAt5O7MRS4lbA,10337,-171,Obstacle,NoCurbRamp,53
Fy3HfQpP6t_q2E9HbA9H-Q,4891,-639,CurbRamp,SurfaceProblem,54
92ZZ-oToFsK3Zq25TIkzpw,3793,-358,Obstacle,SurfaceProblem,53
nDi47xXKVTQ8Sv6vPhGllw,4229,-488,SurfaceProblem,SurfaceProblem,60
JO-RCZQ3JvCXh2oV2HjSeg,2673,-943,CurbRamp,SurfaceProblem,54
Y36NiAizeHOC5aoF-yLfZg,13230,-524,Obstacle,Obstacle,52
Fy3HfQpP6t_q2E9HbA9H-Q,4824,-381,SurfaceProblem,Obstacle,38
_wDncZkkWB4VZlPXTiZURw,4731,-404,CurbRamp,NoCurbRamp,53
BH-c-15vWtNvcSwiXeczsA,7774,-326,Obstacle,Obstacle,51
HSxCZPW2UKANuIBVp6vMWA,8789,-490,Obstacle,Obstacle,56
dVT8bnvYSkKjykRfoot_Ew,10307,-481,CurbRamp,SurfaceProblem,54
egs0boHfzPW0LGszSF5jQw,4260,-538,Obstacle,SurfaceProblem,63
wZcACJ8ffj0ZiCuts2vH3w,3692,-544,CurbRamp,SurfaceProblem,63
Gk4ytUPkWVUqAx8zqRWMeQ,1598,-717,CurbRamp,SurfaceProblem,45
hgmHcZ0HUps7_SgF3Wr8rg,1385,-399,NoCurbRamp,SurfaceProblem,53
RoOyujZ_v9GlaDgmKdclvw,6143,-512,CurbRamp,CurbRamp,58
GvscxDVgUR-XhfhWBu2fVg,4817,-704,NoCurbRamp,SurfaceProblem,42
dPNG-yOnXb40wmamyg9shQ,12234,-510,CurbRamp,Obstacle,60
0o5UD2lV47rsCz1NNl2_WQ,1103,-395,SurfaceProblem,NoCurbRamp,53
AKz4wJ6YqQHZRyiwi8vSww,5342,-288,Obstacle,SurfaceProblem,52
bMtwxwFU7k5HOkEgSOjrzg,11754,-268,Obstacle,Obstacle,63
A-eM226LYCgGNB1WLubj8Q,31,-414,Obstacle,SurfaceProblem,55
Qw2oaODrL9gZo1F6ycUK2Q,2847,-1382,Obstacle,NoCurbRamp,31
nmfhBecANPyHGiiIQqQrhQ,1907,-314,SurfaceProblem,NoCurbRamp,45
RXMsOrM8AOxTq7IQAtC1EQ,12641,-306,CurbRamp,NoCurbRamp,61
Us475Cxr5viJbqbGvEkwwg,7001,-620,CurbRamp,NoCurbRamp,57
DTN__8w8ljcdVDYlDJ9Vog,5226,-228,SurfaceProblem,CurbRamp,56
mTVncqpP0DK3VQ414Av4bw,12242,-726,NoCurbRamp,NoCurbRamp,44
wiW8PBT09OyhaBosI5vw6A,861,-338,NoCurbRamp,CurbRamp,52
DgTeZQOLBsR_iun9g_k7Yg,5318,-581,NoCurbRamp,NoCurbRamp,69
QhfAAvt9atN3En2Cc-NJZQ,1318,-820,Obstacle,SurfaceProblem,51
Qw2oaODrL9gZo1F6ycUK2Q,5400,-1679,NoCurbRamp,NoCurbRamp,70
tN-wnO27SU5Jp4-cVD4EBA,12913,-927,Obstacle,NoCurbRamp,56
MmAJa52yLJCAF_gzMFppew,1797,-383,CurbRamp,SurfaceProblem,51
5WMPHKZouHnfkS9cCmVfTQ,12096,-417,CurbRamp,SurfaceProblem,58
b_oAXeqgQXNskG-vg5PiVQ,57,-265,CurbRamp,NoCurbRamp,53
2BcncBnwUvviwVbBqMVaVQ,282,-392,CurbRamp,NoCurbRamp,62
QmtfhalnBQ7CEsi1nJmm6g,11633,-550,CurbRamp,NoCurbRamp,52
viU6lI_l3nH_3M7iARE5Qg,8036,-659,NoCurbRamp,NoCurbRamp,57
48JKHgwep8fxH0FYOrDxIg,8152,-1213,Obstacle,SurfaceProblem,63
7cwGTyrtV6yKUtHO6TmUew,4617,-453,CurbRamp,NoCurbRamp,52
dd3XXVb8eaIf5FcUAMqySg,7170,-719,NoCurbRamp,NoCurbRamp,53
yYKyV-nxAYxLjwjAiQqvwg,6116,-97,SurfaceProblem,Obstacle,56
BmUd-u-5ldZr6-guiNOOPQ,11555,-1052,NoCurbRamp,SurfaceProblem,59
b0eOV36e75GdxsTJKxhJzw,12279,-629,CurbRamp,NoCurbRamp,54
eJWBubttfOJG-bGhZ7OiFg,10364,-1918,Obstacle,NoCurbRamp,28
0o5UD2lV47rsCz1NNl2_WQ,4665,-695,SurfaceProblem,NoCurbRamp,39
pVD52_sKaanuXoZpx8BhbQ,2543,-247,Obstacle,Obstacle,53
LVbKACFUqHL0i5ALf0P41Q,105,-1302,NoCurbRamp,NoCurbRamp,52
J_tBBaaUNbKT4rYp3bFvNw,7866,-486,CurbRamp,NoCurbRamp,52
V67Nf7PIpKcBCiF0WyaVPQ,9115,-668,Obstacle,NoCurbRamp,57
_ThcAfjL-9PVTI2IGWcIkg,11090,-668,SurfaceProblem,NoCurbRamp,58
DXCYcbKzmYWxfeJEi-_OOg,11644,-572,Obstacle,NoCurbRamp,54
0uBSD94hNzNtxLnIWveJzA,10338,-284,CurbRamp,Obstacle,51
pn4K6uKsurl7qs5Dx8eUaA,6792,-1072,SurfaceProblem,SurfaceProblem,65
tRS_xrOXOICbAw6dm88l6w,1252,-689,Obstacle,NoCurbRamp,51
F-b4qLFcdSOfTZ6fQIfk1Q,4460,-420,CurbRamp,SurfaceProblem,53
92WFAHWEHCCtEiLkxgg9tA,7188,-252,Obstacle,CurbRamp,54
9CfmHZ4Q14jc82WsYDSt_Q,2646,-451,Obstacle,Obstacle,56
GxlBBMmxjTeM5FZNLj7GxA,8265,-456,CurbRamp,NoCurbRamp,53
HpfmPs7ucUoxa8bBLRKUnQ,9191,-361,Obstacle,Obstacle,62
DQQVQYaPsIAv-ClYBuZjFw,8485,-357,CurbRamp,Obstacle,62
0o5UD2lV47rsCz1NNl2_WQ,3689,-550,NoCurbRamp,NoCurbRamp,54
PzKLPRWBFuASHjalf9__Sw,12958,-487,CurbRamp,NoCurbRamp,55
Vyy9fUxkiJSxcJElurKAHA,5864,-498,SurfaceProblem,CurbRamp,54
MdCkklI6d50H4bJN5hLtEA,1390,-574,SurfaceProblem,SurfaceProblem,58
3v1xeZNOZtkRCiHkbLy6vg,4259,-301,CurbRamp,NoCurbRamp,52
gaS_5JMafCP7H-HBblKerg,3180,-637,SurfaceProblem,SurfaceProblem,55
dRtjUWZ2NjonMgfWgEXP5w,4076,-269,CurbRamp,SurfaceProblem,59
gpU96yV3NI777PrVQ7U4kg,8356,-577,CurbRamp,CurbRamp,69
stDI8OyeoPKmesuBF0YQ3A,8307,-935,CurbRamp,CurbRamp,42
_wDncZkkWB4VZlPXTiZURw,3202,-512,NoCurbRamp,NoCurbRamp,61
bgCkwWgjygVcSAM6YRg_Cw,11891,-1108,CurbRamp,Obstacle,51
XnNhHtlKQC3_UqFh1eurjA,8981,-151,CurbRamp,Obstacle,53
mfTvIMsrf-DPVPDWCuf2qA,11530,-452,CurbRamp,Obstacle,54
FINY_I9SgUaz_ZQyVRLy-g,2753,-610,CurbRamp,NoCurbRamp,55
2u2bu486JRAt5O7MRS4lbA,5750,-1718,Obstacle,NoCurbRamp,39
wuk--sZ3fJyMsMo4tJuybg,8615,-850,Obstacle,NoCurbRamp,36
BkyqPSJxp2uflqkqhHMlAA,7958,-434,Obstacle,Obstacle,53
TrU4DYp3l-VZwSqYcDGq3A,11616,-893,Obstacle,SurfaceProblem,53
umaM_sBtqwp12QV7sx4mdw,9895,-456,CurbRamp,NoCurbRamp,61
wuk--sZ3fJyMsMo4tJuybg,12401,-330,NoCurbRamp,NoCurbRamp,63
BMvCjDdQapNk2jq3F3SBPA,11000,-454,CurbRamp,NoCurbRamp,53
9WUFeIcgN3AJCc69VSM62A,12892,-485,CurbRamp,CurbRamp,52
mFOCNa2s53Un6UwuYWhGFQ,6950,-360,CurbRamp,Obstacle,54
C_kbuF1JSY2Xlz2ApXu7tg,6811,-678,CurbRamp,Obstacle,50
oNMu6wR5QjelJTVHP6QBmA,2509,-423,Obstacle,SurfaceProblem,54
FpWarYiHs70UkrUkbuMdvw,6699,-243,Obstacle,Obstacle,38
CspDf1-wnIOPaLlPBX3nww,6971,-272,CurbRamp,Obstacle,56
xscW1Uom1Upky-QGqHrwhw,7557,-872,CurbRamp,Obstacle,59
eJWBubttfOJG-bGhZ7OiFg,7372,-353,NoCurbRamp,NoCurbRamp,44
DpXwPZS48Y2F_bSP59f5MA,5960,-132,CurbRamp,NoCurbRamp,57
aP5ZY6IHE3lziMBQQutnVg,8680,-321,NoCurbRamp,Obstacle,38
Qg032Lzr0-vXsGtx9dhYLQ,6063,-578,CurbRamp,SurfaceProblem,51
OIWXxPp7MrJLbFK-j_akzw,7544,-326,CurbRamp,NoCurbRamp,55
Zezsvr7XeNaoSGgSjOf3gA,2524,-515,Obstacle,NoCurbRamp,56
oAMp90wEnIghr7ykQYklgA,4668,-665,Obstacle,CurbRamp,37
c6PGLX1MNawqW0_pi_CecQ,4066,-866,NoCurbRamp,Obstacle,78
PJ4Mg7nz4Z0FNHcFQ0_4Zg,1840,-1214,Obstacle,SurfaceProblem,57
NoUnCw_8lZnx1H0hDGU4rw,10883,-544,SurfaceProblem,SurfaceProblem,50
nH5UoZDHNq05VsGPU_Luuw,9667,-528,Obstacle,SurfaceProblem,70
iNYAVNidrxbIEmqXNUDzaA,13181,-729,NoCurbRamp,CurbRamp,42
FY_bGjOpY0_w5e6umBOgvw,12617,-349,CurbRamp,Obstacle,55
EdedxkDxgUFp0qMOk7WCgg,12295,-312,NoCurbRamp,Obstacle,39
QhfAAvt9atN3En2Cc-NJZQ,1174,-799,Obstacle,Obstacle,52
gyFuxqdBmrjXpxMkvJLUnA,3771,-840,NoCurbRamp,CurbRamp,28
oqP7byVfpym5eotQ9U4fdA,1809,-379,SurfaceProblem,SurfaceProblem,55
Zezsvr7XeNaoSGgSjOf3gA,12134,-765,CurbRamp,SurfaceProblem,51
6WbY_F4cHQF3KGel39vcQw,12326,-592,CurbRamp,CurbRamp,79
LVbKACFUqHL0i5ALf0P41Q,5981,-598,CurbRamp,NoCurbRamp,60
vQ353TRlH-x2oZSc1wRx6w,9490,-615,NoCurbRamp,Obstacle,57
YK0syJ2b2bqCUjMpZtLuDg,13002,-713,CurbRamp,SurfaceProblem,53
S3DREANp0DnokEtZU-HcXw,9225,-806,Obstacle,SurfaceProblem,51
8xV5VvwVKcEJZGpyWJNBYw,1294,-339,CurbRamp,SurfaceProblem,55
IE6mM67r10yhhE7HcULmPA,8739,-302,CurbRamp,Obstacle,59
hDnmhdxjioVmAw7opmGksQ,5912,-269,CurbRamp,Obstacle,58
yVu1RX2Ri4CQa2dpYDoxAA,2554,-264,CurbRamp,NoCurbRamp,53
5pJgGB-f-iM2fV86cXyrJA,802,-88,Obstacle,Obstacle,53
9Ec-rByR7q90916QMnrZjw,10235,-669,CurbRamp,SurfaceProblem,55
1CFSyybZ8z6-j0nesmhcqg,2199,-677,NoCurbRamp,Obstacle,59
mvnYjPHH3a6FMcYDtTSqdQ,8783,-821,CurbRamp,CurbRamp,50
FV8qUKIW0My0Nfe2k4459A,7850,-598,SurfaceProblem,SurfaceProblem,56
Mtgk52hWH6DCOpGb0BzLKw,12548,-358,SurfaceProblem,SurfaceProblem,43
qB4VmYOOJgxbKqnnVoJ6OQ,10055,-487,Obstacle,Obstacle,53
2BcncBnwUvviwVbBqMVaVQ,4956,-703,NoCurbRamp,NoCurbRamp,59
Et9Zm3Esp8JS9UByHyDGww,9073,-507,CurbRamp,SurfaceProblem,52
4EkzT5gKBxFPyqgJujmPiA,9067,-360,CurbRamp,SurfaceProblem,56
S5yCoESMKls_iaNsCbT9kw,2102,-504,CurbRamp,SurfaceProblem,38
sgvtsNYdP42o8L7Y0SsXRA,7248,-347,NoCurbRamp,CurbRamp,52
yniMIVaOvbrF21Hv797hZw,2593,-1093,Obstacle,SurfaceProblem,50
dd2exQVRvH26Z-U9btR-tQ,11660,-374,SurfaceProblem,SurfaceProblem,60
BH-c-15vWtNvcSwiXeczsA,11352,-424,SurfaceProblem,Obstacle,37
U-aA9ZXvFpX_IZLwNb-VRQ,2047,-807,NoCurbRamp,NoCurbRamp,60
dKpqih5ra1CpJjoidkcP2Q,7977,-538,NoCurbRamp,SurfaceProblem,52
QBDvRv-my7qe6eiFN8dgLA,3654,-624,SurfaceProblem,Obstacle,42
SXpaK2fKSMlJbyyMyLDNWA,5717,-1269,NoCurbRamp,CurbRamp,54
LmXl_0zdMQ1H4d6F3E4OsQ,10268,-1128,SurfaceProblem,SurfaceProblem,33
gTaF2HyIKjEfdeR-v_9Ylg,12836,-587,CurbRamp,CurbRamp,56
205wWrVrhCNrwIXS-jwFzA,4583,-410,CurbRamp,CurbRamp,53
EKF7aMVS97LGLQ4YE9LUPQ,5585,-951,CurbRamp,NoCurbRamp,66
XnNhHtlKQC3_UqFh1eurjA,8644,-312,Obstacle,NoCurbRamp,62
2G2EcvTcdW17CLKi1gWHXw,7717,-743,CurbRamp,NoCurbRamp,53
F-6b8FBDGwLu2JxCGig_RA,1631,-260,NoCurbRamp,SurfaceProblem,54
48JKHgwep8fxH0FYOrDxIg,5307,-1119,SurfaceProblem,SurfaceProblem,60
FV8qUKIW0My0Nfe2k4459A,7106,-883,SurfaceProblem,SurfaceProblem,51
-vAa4caDuitVtTkgLnj0Cw,11236,-321,CurbRamp,Obstacle,54
uThEE2BRLOs0kR6YdhGn9A,10624,-271,Obstacle,SurfaceProblem,53
XOzEzP2Jv6SafAFSrUrcRw,646,-251,CurbRamp,NoCurbRamp,58
Zezsvr7XeNaoSGgSjOf3gA,2866,-472,Obstacle,NoCurbRamp,52
OKm1kxr3d23VFFrj1f8Z4A,5359,-436,NoCurbRamp,NoCurbRamp,54
CSlZQVPLS_IjasASmHm-SQ,10828,-452,Obstacle,NoCurbRamp,58
RClanjIa1_ARoYb0gycL0A,7867,-277,CurbRamp,SurfaceProblem,61
cWkEELkuM3T425NJSEiYIw,9522,-390,CurbRamp,NoCurbRamp,61
nWt1Xl7nIFAzAciQnCQSEw,5581,-881,NoCurbRamp,SurfaceProblem,51
r6Gv5ZaKCnhkqp04MQqJVg,4785,-369,CurbRamp,SurfaceProblem,60
hxvyzDJJpysNtJUSqylkmA,12850,-440,CurbRamp,CurbRamp,57
QBDvRv-my7qe6eiFN8dgLA,10038,-451,SurfaceProblem,Obstacle,38
Kz7zXWABPnM-oRro0Vlp9A,8172,-362,NoCurbRamp,SurfaceProblem,39
b0eOV36e75GdxsTJKxhJzw,11671,-697,SurfaceProblem,NoCurbRamp,39
8gTj6xw9o2WLpiBv6RII4A,2656,-733,NoCurbRamp,NoCurbRamp,61
Kl_kg-OWJvzbIeRgNbUm8g,1348,-403,Obstacle,Obstacle,53
AcsNHKDa16WGcfU2s6DTcA,10517,-640,CurbRamp,CurbRamp,54
Z77IZcLuOgthuvbuUQSHhw,9014,-552,Obstacle,SurfaceProblem,66
rtrLHlyqDYGvkvXLZFTVBg,742,-169,Obstacle,Obstacle,52
i-ef21_Qg_4bXyXU8aXu2g,8596,-671,NoCurbRamp,NoCurbRamp,68
Kuul_8eK8myVHWZ8udge7Q,10678,-907,SurfaceProblem,Obstacle,56
LIaF_YuJReIDZT6MC9yCkA,1523,-28,Obstacle,NoCurbRamp,59
Y36NiAizeHOC5aoF-yLfZg,8409,-392,Obstacle,CurbRamp,52
grJfveX0s_wYCh7HdWm9CA,5126,-645,CurbRamp,NoCurbRamp,55
OOKrJTBWOBrGyv-rlK5HvA,7704,-559,NoCurbRamp,SurfaceProblem,42
QRIUoS5SzDsluVICN3xF-w,4151,-587,CurbRamp,NoCurbRamp,53
hAdbL_EcdA3duew74glU5w,11653,-224,Obstacle,Obstacle,56
o1SUGCu7idpWxRRgeMF-IA,6520,-650,Obstacle,CurbRamp,53
LAg8YMZvI0RQCqRfivzWvg,12028,-268,CurbRamp,NoCurbRamp,51
PQYI5oPvgsFqnj2EGINR1w,10152,-261,CurbRamp,SurfaceProblem,55
UZjs2sGmj-t3rzopTZ9yEg,12116,-434,NoCurbRamp,NoCurbRamp,66
eyQZommPLpS9S9Y40y4y7Q,8563,-304,CurbRamp,Obstacle,55
Rku28omTwVlagt7IjmPtBw,8733,-368,NoCurbRamp,Obstacle,44
7cwGTyrtV6yKUtHO6TmUew,8482,-567,CurbRamp,NoCurbRamp,52
8t3c926RvjgLxvj1PUZBJQ,5625,-555,Obstacle,Obstacle,58
7wNqOVKuDt4h6sFedMXJKg,8254,-482,NoCurbRamp,SurfaceProblem,43
3MUWcxZ-YrPeURtrfYbf5w,9609,-288,CurbRamp,CurbRamp,65
vB7Gz_VVr1g9ioJNKIZbeg,1444,-433,Obstacle,Obstacle,50
_KcJgBCSqekaaYsc5FgtCg,5266,-1044,NoCurbRamp,SurfaceProblem,38
6cyWsniebdKYx0_Ytqa7zQ,2174,-1535,NoCurbRamp,NoCurbRamp,59
f5T7Pi29NMjIZLwx0g-uCA,5638,-312,Obstacle,CurbRamp,57
-3U8A-IJ0SPGQd379GCfMA,1981,-865,CurbRamp,NoCurbRamp,54
oqP7byVfpym5eotQ9U4fdA,7298,-569,Obstacle,SurfaceProblem,70
bR3C7iNoCGeqd0Ez5yHkGg,8008,-488,SurfaceProblem,Obstacle,37
kiWIHsPfTRQUwMBT-KgJmw,13147,-751,NoCurbRamp,SurfaceProblem,39
4q6KSwWJjSZLUHCYQ-wuhw,94,-628,CurbRamp,NoCurbRamp,61
oqP7byVfpym5eotQ9U4fdA,7709,-477,Obstacle,SurfaceProblem,84
D36lEwAyU5GtR8dHXkbkpA,6413,-265,CurbRamp,Obstacle,60
_ThcAfjL-9PVTI2IGWcIkg,1213,-808,NoCurbRamp,NoCurbRamp,57
LsO4IQZWo6v_SB8MIg4QpQ,11596,-1208,SurfaceProblem,NoCurbRamp,34
xsa0YdR94Qz8bTYP0_N_Og,11680,-509,CurbRamp,NoCurbRamp,56
XpeG2ThTLy68KlDbco5i9A,1557,-431,CurbRamp,NoCurbRamp,58
4Czt4q0BsHpIvLTRccKRuQ,1231,-325,CurbRamp,Obstacle,53
53PJ9NuERcvfRvPwoRIkUQ,5699,-564,CurbRamp,CurbRamp,50
g3I51iAXRxPxXdU3HFYwWw,4853,-409,NoCurbRamp,SurfaceProblem,52
Ii4_QF95UYk2cAHEXdn1EA,10791,-337,CurbRamp,CurbRamp,55
DFMA5XBsAG_IZ6czccRGsw,311,-168,SurfaceProblem,Obstacle,37
vAbKkPAvqa5gcZCNFOaLzQ,10702,-259,CurbRamp,Obstacle,53
bgCkwWgjygVcSAM6YRg_Cw,11957,-1041,CurbRamp,Obstacle,51
_F1UFzAddQhE6kcT_cftag,11973,-262,CurbRamp,CurbRamp,52
4q6KSwWJjSZLUHCYQ-wuhw,13091,-515,Obstacle,NoCurbRamp,56
V-L9_vKYo_c8ftXiiIei2w,1621,-601,SurfaceProblem,NoCurbRamp,62
4q6KSwWJjSZLUHCYQ-wuhw,5898,-836,NoCurbRamp,SurfaceProblem,55
cWkEELkuM3T425NJSEiYIw,711,-271,CurbRamp,Obstacle,57
3BS7-mHEMDQbQ1HfbPEK5Q,1117,-315,SurfaceProblem,Obstacle,56
Zezsvr7XeNaoSGgSjOf3gA,4293,-277,CurbRamp,NoCurbRamp,55
FGhyVkIwKEWjj7TMKMfOrg,5543,-534,SurfaceProblem,SurfaceProblem,56
MXgWWpeX2CZMdgVmixprxA,8887,-241,CurbRamp,NoCurbRamp,53
e-IyX4KXrmU_l5582FckLA,4117,-481,CurbRamp,SurfaceProblem,53
kQ9pZi1MlC8H3o1qvUrD8g,8753,-1486,NoCurbRamp,CurbRamp,54
oNAqPynn2vW830dxL9ZXHw,10975,-379,SurfaceProblem,Obstacle,44
yQZTHOdhIMTSodZfDgxSSA,9795,-1137,Obstacle,SurfaceProblem,56
cCrayTbMqZM40aLipINa4g,6649,-699,Obstacle,SurfaceProblem,62
yfHlZtI49FOPmIouR0BBKQ,13182,-477,Obstacle,CurbRamp,62
2zMHlmqFF6V2SHqueb1fZA,595,-510,SurfaceProblem,SurfaceProblem,56
F7p6YBAPvT2EyIYHgIRr0g,9345,-760,Obstacle,Obstacle,59
9LmT0zyoYDNw9cjL36cf6w,833,-535,CurbRamp,Obstacle,56
gQLG7ilc3tJynqZBXb_gpQ,769,-590,NoCurbRamp,SurfaceProblem,34
wZcACJ8ffj0ZiCuts2vH3w,3370,-567,CurbRamp,SurfaceProblem,64
DaDkEo_RMthIinrYO1AmRg,10970,-483,NoCurbRamp,Obstacle,53
KORdK8IHxvYAZfm74oaJcw,4924,-344,CurbRamp,CurbRamp,59
2jJkxu3lXUz1cy0efHtWLA,12074,-432,CurbRamp,Obstacle,51
R6cNkGxKbE8lgfRyF-Gweg,1176,-463,SurfaceProblem,SurfaceProblem,69
gU7RHvT-brjK3bSmFstSTw,10558,-732,SurfaceProblem,SurfaceProblem,57
0o5UD2lV47rsCz1NNl2_WQ,12803,-418,NoCurbRamp,NoCurbRamp,63
RvJZByBE_hwxJm1lkHiGCA,7074,-1259,Obstacle,NoCurbRamp,54
7p9kDD1V5eaKoDnMh3wsHQ,12032,-535,CurbRamp,SurfaceProblem,54
RBf5L5dGm51jY2_Z_chmZg,9433,-634,Obstacle,NoCurbRamp,55
PzKLPRWBFuASHjalf9__Sw,10896,-277,Obstacle,NoCurbRamp,61
2u2bu486JRAt5O7MRS4lbA,922,-914,CurbRamp,NoCurbRamp,52
harr10Xm1B_Zuh0B3jfCDg,842,-245,CurbRamp,NoCurbRamp,56
Fdgkb_BocuylHevkxEaj9w,12430,-351,Obstacle,SurfaceProblem,60
14sjCz94yD5Zahs2Ow9Spg,1769,-789,CurbRamp,NoCurbRamp,68
Q3x9UQXBi_2kN-XWrTYhUA,1628,-114,Obstacle,NoCurbRamp,51
GrRC_Djw_8qm00XTrzTIOA,1488,-567,NoCurbRamp,Obstacle,37
2LC_s3bKjk23akaMjIg-sw,11577,-480,Obstacle,SurfaceProblem,37
ysvQH6cXiVkFw-lMyNRV1Q,880,-833,SurfaceProblem,SurfaceProblem,59
KfDemhhb5ZW425lspYnvWg,1635,-342,NoCurbRamp,NoCurbRamp,59
Evs-cluS4i2W1egGd153XA,12418,-188,SurfaceProblem,Obstacle,50
g3MoK7ZQrv5xFgnuhfx-dA,9167,88,NoCurbRamp,Obstacle,51
25g2pn8K_Dsxu2PNQ5Lk2g,10313,-331,SurfaceProblem,Obstacle,46
bbt2gH12ZSTi_DGbK5Hr3w,9145,-216,Obstacle,Obstacle,51
IPINWuRD6RThQtPSHnVRZw,1280,-497,NoCurbRamp,NoCurbRamp,66
D6QlGIhaRxVDxvAJoyqYzw,2954,-864,NoCurbRamp,SurfaceProblem,64
NxGqyhjeCbOGEzwvXp_5lg,1724,-400,NoCurbRamp,SurfaceProblem,67
tMFdyUdtKduVYsbRA-fFIw,10306,-870,NoCurbRamp,NoCurbRamp,56
uj5JioLmsHq0HYFYdc2RDA,8912,-661,CurbRamp,SurfaceProblem,57
xmtXykbjCou7EUsC4h-xTw,11334,-488,Obstacle,SurfaceProblem,59
YYphuyoJuOKXQ5SKeDNLZw,7719,-491,CurbRamp,NoCurbRamp,55
J8iiaRoudF78zOdZ4Mp0Zg,7500,-710,NoCurbRamp,Obstacle,54
2A6p50LemUj6YuJYRTcoOA,5165,-574,Obstacle,NoCurbRamp,66
ITxhWQ10kH_Xk_vUzR6edg,9300,-282,Obstacle,NoCurbRamp,53
jJ7YSDtn4m0ex0o6drLEBQ,9161,-369,CurbRamp,Obstacle,56
beLMrsImJf56aWHZ8tTTcg,2839,-299,CurbRamp,NoCurbRamp,55
tbgMFLWDFU29avLT5rkWFg,6065,-731,Obstacle,Obstacle,37
Cci2wm1Wfr0ph5D69JP6VA,12861,-320,NoCurbRamp,SurfaceProblem,51
XOzEzP2Jv6SafAFSrUrcRw,5596,-558,CurbRamp,Obstacle,69
IfWzYEHcWFgEdUVrWJOtbQ,4798,-1356,CurbRamp,NoCurbRamp,51
tFcItjmnGc2OC6Hy6tJsFg,1965,-166,CurbRamp,Obstacle,59
ymHnUjaNEL8C6LPjRJ_wVw,7936,-545,Obstacle,NoCurbRamp,40
-3U8A-IJ0SPGQd379GCfMA,5140,-759,CurbRamp,NoCurbRamp,65
2u2bu486JRAt5O7MRS4lbA,9741,-208,NoCurbRamp,NoCurbRamp,42
iDeAJiKekwNrCVTHPRdPHA,6106,-773,Obstacle,NoCurbRamp,58
e9wI2ahRG382AeEfayqxag,11335,-724,SurfaceProblem,NoCurbRamp,40
spXdjyEGl9RhqCKEBoZOWA,3669,-750,Obstacle,Obstacle,60
BAPBgoqZaGYecGXXBQjEiQ,3283,-731,Obstacle,SurfaceProblem,53
O25mFHPUajoHoXIPpraj4Q,8342,-477,SurfaceProblem,SurfaceProblem,42
rin66HFqEq1A_B9fqR4mHQ,8071,-921,CurbRamp,Obstacle,51
KfDemhhb5ZW425lspYnvWg,2129,-365,NoCurbRamp,NoCurbRamp,59
6vxWaQ8HN2cQuetBZsF0kA,6692,-541,CurbRamp,NoCurbRamp,58
wC-VbdPyQaCXreKFQynePQ,11256,-487,NoCurbRamp,SurfaceProblem,38
xtLnOVoyuXQoLpHgaC1T5g,1424,-920,CurbRamp,CurbRamp,53
P3r9DFelb4FPkN5XCJBntQ,4152,-277,Obstacle,CurbRamp,64
lIQxhAfn9rgOhWSvcKXD4A,1550,-501,CurbRamp,Obstacle,54
6ISWrKFODGY1RsTDVWfbEg,11669,-498,CurbRamp,Obstacle,62
5e3Kuxn3vgakasEGFtOzqQ,4063,-653,Obstacle,SurfaceProblem,56
nC0E3q3UrWGGC-bBmo-tZQ,1078,-431,Obstacle,Obstacle,62
A-eM226LYCgGNB1WLubj8Q,375,-693,Obstacle,SurfaceProblem,71
Rnyo_eVNmfyIVbpd8DQUhQ,1530,-541,SurfaceProblem,SurfaceProblem,58
q5kYH-7ULwRV24QLpnwB8g,8962,-745,Obstacle,NoCurbRamp,53
bgCkwWgjygVcSAM6YRg_Cw,11898,-1047,SurfaceProblem,Obstacle,40
L6HIWBdulz54Pi6IJiz8hA,8980,-680,CurbRamp,Obstacle,58
DD_VEw86rKdcCULiczEY9g,8435,-498,CurbRamp,NoCurbRamp,63
TO5jBZFHuSSzK6p1NnXgJQ,8334,-457,CurbRamp,SurfaceProblem,53
Gq--JSySavSUW5z1eOHi8g,9432,-387,CurbRamp,Obstacle,54
tZHOrrbDCzp4891QzpNGjw,10072,-609,CurbRamp,Obstacle,72
Vyy9fUxkiJSxcJElurKAHA,4527,-549,CurbRamp,CurbRamp,67
fnSNW0E9urQ7bfNcOts3_w,5330,-777,NoCurbRamp,CurbRamp,39
LsO4IQZWo6v_SB8MIg4QpQ,11214,-721,Obstacle,Obstacle,58
QmtfhalnBQ7CEsi1nJmm6g,896,-741,CurbRamp,NoCurbRamp,55
cmucC73cw4gRsuMaUi4rrg,5581,-284,CurbRamp,NoCurbRamp,59
ElKlsmPuAEyNlkkNamP1-A,3397,-359,SurfaceProblem,CurbRamp,51
_wDncZkkWB4VZlPXTiZURw,2117,-651,CurbRamp,NoCurbRamp,53
rcIYDm-POXMqPkA8Wg5sWw,11165,-1239,NoCurbRamp,CurbRamp,34
C53067ydrIIbtOGk9Vb7Zw,7065,-432,Obstacle,Obstacle,60
oqP7byVfpym5eotQ9U4fdA,2266,-330,SurfaceProblem,SurfaceProblem,72
R6cNkGxKbE8lgfRyF-Gweg,2279,-354,SurfaceProblem,SurfaceProblem,61
lnqOidrfYokO7MFMI2c3iA,9655,-963,NoCurbRamp,CurbRamp,53
nNa7rni0Jsc072VR35NrMA,5141,-590,Obstacle,SurfaceProblem,50
g3MoK7ZQrv5xFgnuhfx-dA,8977,34,SurfaceProblem,Obstacle,42
-BPVTwhyTejjLbIJiUVYIQ,5634,-918,SurfaceProblem,NoCurbRamp,54
Z_UozoLgqo8Y5EIZ9Gz7cg,13272,-616,SurfaceProblem,NoCurbRamp,55
QOj07LM2sJRztq0zpQgdiA,4145,-501,Obstacle,SurfaceProblem,66
ldonyg07uBZaBZdsoLo-4w,1495,-630,NoCurbRamp,CurbRamp,56
7cwGTyrtV6yKUtHO6TmUew,5460,-483,SurfaceProblem,NoCurbRamp,67
QleGS_DWou9lxMCVqcbdGw,9076,-742,SurfaceProblem,SurfaceProblem,37
7H-FaY5T73EIuD1JVDsa3g,4790,-533,CurbRamp,SurfaceProblem,66
YYphuyoJuOKXQ5SKeDNLZw,11378,-668,CurbRamp,SurfaceProblem,58
U-aA9ZXvFpX_IZLwNb-VRQ,11357,-820,CurbRamp,NoCurbRamp,59
HTZEaw8gPnRj6ltd83FYaQ,9323,-235,SurfaceProblem,CurbRamp,43
IT2dfDwuT3ILynWGk5l2mQ,6969,-466,CurbRamp,NoCurbRamp,56
JUIXlBsOzNBvRpBi8FUu2Q,8451,-575,CurbRamp,SurfaceProblem,55
cCrayTbMqZM40aLipINa4g,12252,-251,CurbRamp,SurfaceProblem,53
1wKA2Mzl4Pj5le1zvFu1Mg,3717,-1564,NoCurbRamp,CurbRamp,34
prMAsZ283Q-GBpPv9OA2IQ,7370,-503,NoCurbRamp,NoCurbRamp,63
V-L9_vKYo_c8ftXiiIei2w,2872,-443,CurbRamp,NoCurbRamp,57
jz2HcAXnJCF14BiAgGanag,8172,-1058,Obstacle,SurfaceProblem,54
b8uMSrUFLW_ZOlvDrmXCdw,6168,-495,NoCurbRamp,CurbRamp,55
pn4K6uKsurl7qs5Dx8eUaA,761,-613,CurbRamp,SurfaceProblem,59
0-u8pBalbAgCOz4T4-JGlg,12775,-870,NoCurbRamp,NoCurbRamp,39
yt6KitTEDAm1JeRSKX0LzA,13270,-638,SurfaceProblem,SurfaceProblem,45
vBRjYSo2WAiZh0hTbiK3wQ,7608,-390,CurbRamp,NoCurbRamp,58
GzuJbGhFP6uVjhZvrCQu4A,1622,-579,SurfaceProblem,SurfaceProblem,58
1CFSyybZ8z6-j0nesmhcqg,11041,-568,NoCurbRamp,NoCurbRamp,62
BEa5noICZ6L9qUHmvRSpdA,3495,-855,SurfaceProblem,Obstacle,55
FINY_I9SgUaz_ZQyVRLy-g,1942,-726,CurbRamp,CurbRamp,51
0o5UD2lV47rsCz1NNl2_WQ,11977,-504,NoCurbRamp,NoCurbRamp,60
prMAsZ283Q-GBpPv9OA2IQ,1254,-758,Obstacle,NoCurbRamp,59
H9irm0Y2GJSIRrDPiVN3iQ,12876,-440,CurbRamp,NoCurbRamp,55
9qhlqXRrV2TM7REsCty0JQ,9837,-497,CurbRamp,NoCurbRamp,59
a_33_f9E_9hXKyBPCRdlYQ,6224,-769,Obstacle,SurfaceProblem,84
aRutmcv8nbLAJDyi35hv0g,11127,-161,SurfaceProblem,SurfaceProblem,56
fgn3IEXCCO9cwdt0ZCJDXA,5988,-381,Obstacle,Obstacle,46
uWPAjP8Triep31iGpMjNSw,4722,-494,CurbRamp,NoCurbRamp,53
5e3Kuxn3vgakasEGFtOzqQ,13114,-308,CurbRamp,Obstacle,59
qKcwWu5u88_c2kbSmaX1XA,9758,-783,CurbRamp,SurfaceProblem,58
V67Nf7PIpKcBCiF0WyaVPQ,562,-517,CurbRamp,NoCurbRamp,61
Q18ECcAk8HQ1MMOrIsrF1Q,11172,-836,SurfaceProblem,SurfaceProblem,51
Qw2oaODrL9gZo1F6ycUK2Q,10039,-664,NoCurbRamp,NoCurbRamp,50
cf_sTwiOnWEbXxFsphfd6g,12941,-779,CurbRamp,CurbRamp,55
JTPGEvXhCsZJIiiSV8zUNg,5305,-1397,Obstacle,Obstacle,55
-3U8A-IJ0SPGQd379GCfMA,9102,-421,CurbRamp,NoCurbRamp,67
PHX6r5P30IfYeUDCiu3EUw,6357,-949,CurbRamp,NoCurbRamp,51
ZAThj5Joc7EFCWu1it04Aw,12321,-495,Obstacle,NoCurbRamp,61
A-eM226LYCgGNB1WLubj8Q,1000,-813,CurbRamp,SurfaceProblem,66
MFJhr0rKEw5plNZvipa9UA,1980,-1107,Obstacle,NoCurbRamp,57
IPINWuRD6RThQtPSHnVRZw,1334,-757,NoCurbRamp,NoCurbRamp,74
5staAYT3Df3tLH4QPXFQ8A,10471,-1136,NoCurbRamp,NoCurbRamp,40
Hkkd46THdavEkpF-efxsTg,4212,-783,CurbRamp,SurfaceProblem,52
7UIE4y4L9-wC2z1B8FEi4w,11686,-262,CurbRamp,CurbRamp,52
OOW5hLZ7pezdcQlgUrclGg,3952,-692,SurfaceProblem,NoCurbRamp,55
_tRAfCvl_Ffq_ojGtma-Rg,9434,-306,CurbRamp,SurfaceProblem,45
WDdDIEsU9K4uzChruF42xw,13029,-579,Obstacle,SurfaceProblem,59
SaKr-bpdbnxS-MOqoU_d5w,750,-127,SurfaceProblem,Obstacle,36
mADzhX_EbNX-almFPPDqZQ,11878,-792,SurfaceProblem,CurbRamp,56
KWLx7hTbtK4xGM97xPSvxQ,8959,-688,CurbRamp,Obstacle,51
4Gj-zmn5jiY2xkXZYsqz3Q,11759,-327,Obstacle,SurfaceProblem,51
MFJhr0rKEw5plNZvipa9UA,930,-269,Obstacle,NoCurbRamp,57
HTZEaw8gPnRj6ltd83FYaQ,7906,-895,SurfaceProblem,CurbRamp,59
JgdE_27A6WF_pOrDkg-OBg,9214,-554,CurbRamp,Obstacle,52
cWkEELkuM3T425NJSEiYIw,8178,-446,Obstacle,NoCurbRamp,65
Rnb4CAaUpQn_QD1h4L2Ctw,8459,-411,CurbRamp,NoCurbRamp,55
3XcbtAN9IDyoKfRkYR9M1g,10807,-1247,NoCurbRamp,NoCurbRamp,56
treyXG0iNYWO-B5UX1nRbw,6058,-236,CurbRamp,CurbRamp,62
NI7ma7FS4jHOC_zqpiE1hg,4176,-143,Obstacle,CurbRamp,61
YbecMuUtJmLkQppBEFV91w,1948,-675,CurbRamp,CurbRamp,62
5SLBv2EJDMIqr5R_FmTwJw,11798,-448,SurfaceProblem,SurfaceProblem,51
gUsO8EE10BSA5qZYbjBYlQ,12623,-879,Obstacle,SurfaceProblem,39
3BS7-mHEMDQbQ1HfbPEK5Q,846,-320,Obstacle,CurbRamp,45
CSlZQVPLS_IjasASmHm-SQ,9082,-548,CurbRamp,NoCurbRamp,51
Fj5zjc-3Dng5_-u3HTKknw,10947,-472,SurfaceProblem,SurfaceProblem,54
LDqbVjEhST3TpTT4PRg3cg,8782,-409,CurbRamp,CurbRamp,62
jd3CCZmObm_U823_cbJW1A,6610,-234,Obstacle,SurfaceProblem,54
WZwn7Y4tJz6aTLmI1hAtwg,12614,-208,CurbRamp,Obstacle,63
0jouEwgUO8yyOT_sSmk9Tw,3943,-832,NoCurbRamp,Obstacle,51
EYh_b79d4UmZckZjky6KHA,55,-647,CurbRamp,Obstacle,55
f5T7Pi29NMjIZLwx0g-uCA,10714,-656,NoCurbRamp,CurbRamp,35
cmucC73cw4gRsuMaUi4rrg,7643,-338,SurfaceProblem,NoCurbRamp,59
LVbKACFUqHL0i5ALf0P41Q,1909,-1664,Obstacle,NoCurbRamp,39
gbf34q8uiMotDlK8rsK3oQ,7558,-1081,CurbRamp,Obstacle,50
K0bWkZDuxnzJVF2I_DU25Q,899,-558,CurbRamp,Obstacle,53
Pqrtz-sLdIrX1MQUL2eK6w,441,-433,CurbRamp,Obstacle,53
KIYfPECCu3owrVlvmzrxJA,12673,-438,CurbRamp,Obstacle,66
xv_HS_Q-YPWBBDxi4UI1Kw,3616,-556,SurfaceProblem,SurfaceProblem,39
3XcbtAN9IDyoKfRkYR9M1g,13139,-1083,Obstacle,NoCurbRamp,37
DXCYcbKzmYWxfeJEi-_OOg,750,-693,CurbRamp,NoCurbRamp,55
RgAYCVuHf6sd0iTrBNwUnQ,5628,-683,NoCurbRamp,NoCurbRamp,80
hROnAMt4yBTMOdbzh2TJ_g,12695,-1222,Obstacle,Obstacle,30
a7N6bjhpDZYByxaD85GS2Q,5843,-542,CurbRamp,Obstacle,51
GUHLeza3_msRdKpZNbPIIQ,3858,-675,Obstacle,SurfaceProblem,43
EAbAcVsNOSF7r0dxqLvzNQ,9798,-1088,NoCurbRamp,Obstacle,60
LIECuDE8B1XT6NvM9nAZxw,8871,-449,Obstacle,Obstacle,56
tMFdyUdtKduVYsbRA-fFIw,9785,-735,SurfaceProblem,NoCurbRamp,76
14sjCz94yD5Zahs2Ow9Spg,6095,-608,CurbRamp,SurfaceProblem,59
FV6DlRKb1i3BAmMTgyOe7g,12931,-661,NoCurbRamp,SurfaceProblem,51
5Ihy6lLoFxpFCT8koXKiJg,601,-369,CurbRamp,CurbRamp,65
5staAYT3Df3tLH4QPXFQ8A,10063,-886,CurbRamp,SurfaceProblem,55
eNqiGn83ODwdnOTIdfqiUw,9763,-410,CurbRamp,NoCurbRamp,56
2u2bu486JRAt5O7MRS4lbA,9847,-180,NoCurbRamp,NoCurbRamp,44
E4k4z3NyNliDRFMn_94fig,10984,-196,Obstacle,Obstacle,60
8o8dWxup0lCeitIOBzJklw,1543,-925,NoCurbRamp,NoCurbRamp,54
X1PBO7NGX5d62bb9hgpJuQ,4105,-506,Obstacle,CurbRamp,61
vQCWx0P7DExHD-KIfA7keA,1870,-808,SurfaceProblem,NoCurbRamp,56
N-oeZLAXrRig35-DRg1FPQ,1889,-415,Obstacle,SurfaceProblem,53
UZjs2sGmj-t3rzopTZ9yEg,9601,-734,NoCurbRamp,NoCurbRamp,53
LVbKACFUqHL0i5ALf0P41Q,10554,-510,SurfaceProblem,NoCurbRamp,38
dRbZkcdv6ltEKcLnKahtWA,5684,-1281,NoCurbRamp,CurbRamp,35
fuYW1uGYLzBBwmPI90m_aA,8731,-247,CurbRamp,CurbRamp,54
NTS4zffJMvbbZk5q1pZPRw,8776,-754,CurbRamp,NoCurbRamp,52
3XcbtAN9IDyoKfRkYR9M1g,7660,-653,Obstacle,NoCurbRamp,62
4BInsyTAyifjBd61WIjfTQ,7193,-915,NoCurbRamp,NoCurbRamp,33
sOAgbWeCMP-MX3AIZgLnuQ,12025,-521,NoCurbRamp,SurfaceProblem,55
-BPVTwhyTejjLbIJiUVYIQ,4909,-668,Obstacle,SurfaceProblem,55
oqP7byVfpym5eotQ9U4fdA,1662,-444,SurfaceProblem,SurfaceProblem,63
C_VI7Urkz6UMbfog3Eo5vA,4354,-393,CurbRamp,CurbRamp,55
_tRAfCvl_Ffq_ojGtma-Rg,6117,-903,Obstacle,NoCurbRamp,35
wgZ25_QKLDhmVEFkPAmBJw,5291,-316,SurfaceProblem,NoCurbRamp,54
92WFAHWEHCCtEiLkxgg9tA,6763,-227,CurbRamp,NoCurbRamp,60
9ijIHISE-XCGndHpX8joAw,10796,-620,CurbRamp,CurbRamp,60
7c0Z_fACjr9IYQWZt-kIKw,8705,-625,SurfaceProblem,Obstacle,52
JT2edfLPXRslHpdLq7PBlg,8275,-585,CurbRamp,SurfaceProblem,59
nQi1EcJg_4ks99QztuNkPw,7820,-314,Obstacle,NoCurbRamp,57
_ThcAfjL-9PVTI2IGWcIkg,1875,-774,SurfaceProblem,NoCurbRamp,52
tXeXR2iHkExc6YHxy0fNTw,8446,-714,NoCurbRamp,Obstacle,57
TIfamuruFLruNvHHEq-rKg,2441,-870,SurfaceProblem,SurfaceProblem,53
q5fCC1bQp9rWAqsK2INudg,2202,-511,Obstacle,SurfaceProblem,53
AqwNzjEXzE0LhxIln801Gg,12197,-660,CurbRamp,NoCurbRamp,38
_wDncZkkWB4VZlPXTiZURw,8014,-518,SurfaceProblem,NoCurbRamp,65
-ZaQLfJzpMImxKOkc2QqTw,223,-410,Obstacle,Obstacle,69
99PBI-VxMBd5vgqSlelpgw,11439,-474,Obstacle,Obstacle,61
tgUFRMMrycrjrA4YfQ8CZw,677,-371,Obstacle,SurfaceProblem,41
0B9wIwkxqRH0Ji_LGefdug,10277,-501,CurbRamp,SurfaceProblem,60
STUcZ_Y8VGm-TOjcj8Gwtw,903,-175,Obstacle,CurbRamp,55
14xsLkfYNZFNILRGlbCjEA,3825,-590,SurfaceProblem,SurfaceProblem,60
6chqaEJxkjf-TZt9J0pAng,2947,-458,NoCurbRamp,CurbRamp,64
3TO1sxavsQLIliltuPh5yw,11183,-514,Obstacle,CurbRamp,64
JO4E_TybIqJ-xkZrMrAoMg,4642,-611,CurbRamp,CurbRamp,63
PQYI5oPvgsFqnj2EGINR1w,3089,-533,NoCurbRamp,NoCurbRamp,52
pPT96gN8cL0u5PPHJrP1aA,5527,-891,NoCurbRamp,Obstacle,58
kiWIHsPfTRQUwMBT-KgJmw,11962,-990,Obstacle,NoCurbRamp,27
Evs-cluS4i2W1egGd153XA,3526,-292,Obstacle,NoCurbRamp,53
EjnnTPEi6aGTH-WFLOmyWg,3501,-640,CurbRamp,NoCurbRamp,52
cmucC73cw4gRsuMaUi4rrg,7133,-298,NoCurbRamp,NoCurbRamp,58
oBM60NK2LVfG5yBpNTuc5w,3826,-130,CurbRamp,Obstacle,51
OerYcpKWpx0_HLMFk_iM5A,5162,-568,CurbRamp,Obstacle,67
JSStgvoYRDuhhkNjX6KBYw,4006,-545,Obstacle,NoCurbRamp,57
DQQVQYaPsIAv-ClYBuZjFw,12464,-111,Obstacle,Obstacle,52
UIIcIUi80TRWDxVTg9DIew,8240,-981,SurfaceProblem,Obstacle,53
9FHVKE2wBVwN11kAMh6hZA,1583,-311,SurfaceProblem,Obstacle,52
STUcZ_Y8VGm-TOjcj8Gwtw,13081,-115,SurfaceProblem,NoCurbRamp,41
GxlBBMmxjTeM5FZNLj7GxA,9785,-525,Obstacle,NoCurbRamp,59
XOzEzP2Jv6SafAFSrUrcRw,11790,-370,Obstacle,Obstacle,51
QhBloqxUTaPKfGZ6x4DS6g,8049,-902,NoCurbRamp,NoCurbRamp,60
vab8Pdz_crutOLFqS9r9Ew,1354,-585,CurbRamp,SurfaceProblem,59
mADzhX_EbNX-almFPPDqZQ,6932,-669,CurbRamp,CurbRamp,61
9VYKI2nStmOxVqPgzlpX9w,13090,-184,CurbRamp,Obstacle,61
3zcrhqVZmXigArxxbhf3Xg,5613,-666,CurbRamp,NoCurbRamp,73
krbG8mFO2uC3kggn6Lf9bA,6302,-280,Obstacle,Obstacle,53
g4TRZVa4_0HYpNtpw7QGSA,4015,-840,CurbRamp,SurfaceProblem,57
hnOR6BPuEdRZOzmfdPwTmQ,8300,-432,Obstacle,NoCurbRamp,50
y6ZDqnHhGgFaobwkzJVjMg,4664,-920,Obstacle,Obstacle,36
Zezsvr7XeNaoSGgSjOf3gA,12799,-1756,Obstacle,NoCurbRamp,29
hS2GIEGi16WOwGhgpdPRgQ,9996,-524,SurfaceProblem,SurfaceProblem,52
QNmy3RmTj5TLI0QI-f1akA,12651,-561,CurbRamp,SurfaceProblem,52
EhTLRzg6TtmIoY7RehxgpQ,701,-429,SurfaceProblem,SurfaceProblem,61
_ThcAfjL-9PVTI2IGWcIkg,7808,-472,CurbRamp,NoCurbRamp,53
s2nMSHn1P52ZikApKY5pjQ,12260,-382,Obstacle,Obstacle,52
RT_mUsAu0XbQzZ5Pbf7BkA,7602,-280,CurbRamp,Obstacle,54
ATAqxJHKVWC6i-_DW9UL7Q,6049,-586,NoCurbRamp,SurfaceProblem,60
7cwGTyrtV6yKUtHO6TmUew,2817,-584,CurbRamp,CurbRamp,55
gp_qMztZRvfzZ3kaiHSgjg,3835,-299,CurbRamp,NoCurbRamp,52
99PBI-VxMBd5vgqSlelpgw,11971,-398,CurbRamp,Obstacle,65
Da19hCHGCWBTeX79Ilg-ew,10460,-388,NoCurbRamp,Obstacle,58
PFP2FmkMMob1WMpM1MKmIQ,8962,-490,CurbRamp,Obstacle,56
cmucC73cw4gRsuMaUi4rrg,4271,-463,CurbRamp,NoCurbRamp,56
ENwChk0mv975oT08FxdQGQ,11062,-1174,Obstacle,NoCurbRamp,41
b0eOV36e75GdxsTJKxhJzw,1487,-618,NoCurbRamp,NoCurbRamp,67
h23DpudAUQLh6JtsZcPseg,12185,-514,SurfaceProblem,SurfaceProblem,56
MI2mHW0lk99jBc1OlS7XfQ,1708,-555,Obstacle,SurfaceProblem,64
AMy0YK5e6tKbSaD4_gU9Nw,10211,-892,CurbRamp,NoCurbRamp,54
HTZEaw8gPnRj6ltd83FYaQ,10596,-270,Obstacle,NoCurbRamp,54
_ThcAfjL-9PVTI2IGWcIkg,11731,-663,NoCurbRamp,NoCurbRamp,55
s0KBF-NTJWfWRypEZmihFw,1980,-1030,SurfaceProblem,SurfaceProblem,50
DZtX1-3WTIFwW5UFbYpS-A,1375,-478,CurbRamp,Obstacle,63
ymHnUjaNEL8C6LPjRJ_wVw,5553,-693,NoCurbRamp,NoCurbRamp,73
xqSBfoABGMynOhaT3pHAfw,10046,-634,SurfaceProblem,SurfaceProblem,55
brG9L6yvtPFMcvyrUwVikw,11951,-295,Obstacle,SurfaceProblem,39
vf8wpCXGilzNOCaz8-azMg,8994,-669,SurfaceProblem,NoCurbRamp,36
adncGCyUWm5LJlS4P-o8mA,8231,-715,CurbRamp,CurbRamp,54
jCAimau0IoExc3RWWzR1Cw,9100,-504,CurbRamp,NoCurbRamp,54
cPj5Uu3gNiXStiUh0Q5c-Q,8103,-307,Obstacle,Obstacle,43
agxdwoZN6DoQo4FzgpNENA,3675,-492,CurbRamp,CurbRamp,59
RHbZG3DcwOhPI5zZIO6-Fw,5483,-353,CurbRamp,NoCurbRamp,59
fz5xclCGUL9z1Oy-o3orFA,7890,-355,CurbRamp,CurbRamp,60
prMAsZ283Q-GBpPv9OA2IQ,11455,-543,CurbRamp,NoCurbRamp,55
BMnu1tDuzluXZ9T6LroeaA,8748,-460,CurbRamp,Obstacle,52
DD_VEw86rKdcCULiczEY9g,5959,-673,Obstacle,NoCurbRamp,66
nKq2cKoIpz1Vjgjhpja5kg,4390,-1006,Obstacle,SurfaceProblem,38
bPEb5uw8mX5ZSlkrU1Y-xA,12669,-370,Obstacle,NoCurbRamp,44
4Czt4q0BsHpIvLTRccKRuQ,6407,-420,CurbRamp,CurbRamp,57
gwaguiUgmjnaIifu9NH2PQ,4897,-737,Obstacle,CurbRamp,38
oqP7byVfpym5eotQ9U4fdA,2419,-262,SurfaceProblem,SurfaceProblem,62
QIC-EIIv1ASG8tNIgX88Fg,10363,-372,CurbRamp,Obstacle,68
3v1xeZNOZtkRCiHkbLy6vg,2364,-395,SurfaceProblem,NoCurbRamp,57
xqSBfoABGMynOhaT3pHAfw,4020,-458,SurfaceProblem,SurfaceProblem,59
yVu1RX2Ri4CQa2dpYDoxAA,4849,-615,NoCurbRamp,NoCurbRamp,59
TXMiRSSwYYiU7UJPAqlD5A,1418,-465,SurfaceProblem,SurfaceProblem,58
4lEithDD2wdbbC9A9J6xUA,8077,-366,CurbRamp,SurfaceProblem,57
__gV-vKtTLI-emv7ySZv5Q,1948,-663,NoCurbRamp,SurfaceProblem,54
iXYGtES5ujggzEp38_EJYg,7257,-1389,SurfaceProblem,NoCurbRamp,35
6KAOyk-BF_YGR0sJO0taXA,3096,-802,NoCurbRamp,SurfaceProblem,37
G9bVYtcMaRsYDgwPYad3SQ,9773,-710,Obstacle,NoCurbRamp,60
9Ix3kQsLG9Jiebfr8jHcNw,1527,-385,CurbRamp,SurfaceProblem,37
nka804tQS7cu4AtCQwA6rg,8301,-632,Obstacle,SurfaceProblem,52
0RQwIs_hWDcazFOEW8igQA,9870,-656,NoCurbRamp,SurfaceProblem,44
UlEcK27uRQztEZuVaslDBA,11739,-284,Obstacle,NoCurbRamp,58
RgAYCVuHf6sd0iTrBNwUnQ,8488,-456,CurbRamp,NoCurbRamp,55
xknXWuoxVvX58NGN6sJ2vQ,2151,-304,SurfaceProblem,NoCurbRamp,58
9fH2BUlIT2h03laVn46y0w,5719,-650,SurfaceProblem,CurbRamp,53
Y8my1cju0ZJm790K50k4yQ,239,-409,NoCurbRamp,NoCurbRamp,77
LEFWqL6KZM5PYlZNn42wSg,11894,-516,CurbRamp,NoCurbRamp,54
oRyc2VCKUyDyGK5NXrXt5w,9675,-250,NoCurbRamp,Obstacle,42
ajAfMB7t4uvBXbrAwoONFg,282,-128,CurbRamp,Obstacle,64
brG9L6yvtPFMcvyrUwVikw,11230,-359,Obstacle,SurfaceProblem,70
GshPIFxl0tGgwdS2qcF0ng,10800,-419,Obstacle,SurfaceProblem,60
Z77IZcLuOgthuvbuUQSHhw,1489,-474,Obstacle,NoCurbRamp,53
7cwGTyrtV6yKUtHO6TmUew,10425,-663,NoCurbRamp,NoCurbRamp,64
Y8my1cju0ZJm790K50k4yQ,4128,-483,Obstacle,NoCurbRamp,35
prMAsZ283Q-GBpPv9OA2IQ,8236,-497,CurbRamp,NoCurbRamp,51
7UIE4y4L9-wC2z1B8FEi4w,9001,-223,CurbRamp,Obstacle,62
Q17zI-Vya1bFpVeEtsgfpQ,7238,-664,SurfaceProblem,NoCurbRamp,55
sSbMWrHKrbO_jn1-LcA1wQ,452,-626,Obstacle,SurfaceProblem,50
rHc5fmrF8f1J1NXUuHCHng,10201,-301,CurbRamp,NoCurbRamp,56
o7JF010ln_V8N9QFkEoZLw,8196,-700,Obstacle,SurfaceProblem,59
23DMSvp74A0XwLTNhFx5cg,10494,-714,Obstacle,Obstacle,53
j3_0tNn0Iv_KjeXEdYMhdQ,1244,-431,CurbRamp,CurbRamp,52
Cva9kQHU3TNK_EN5qfByOw,9231,-606,NoCurbRamp,SurfaceProblem,52
_wDncZkkWB4VZlPXTiZURw,10462,-909,SurfaceProblem,NoCurbRamp,52
nNHtehJ0XBvsktq_SUroJA,306,-549,Obstacle,Obstacle,62
9IXfxHnQMM23aAotoe9Wfg,12478,-389,SurfaceProblem,Obstacle,56
3XcbtAN9IDyoKfRkYR9M1g,5301,-349,NoCurbRamp,NoCurbRamp,67
LIECuDE8B1XT6NvM9nAZxw,9788,-394,Obstacle,Obstacle,58
S4WS4QB9CbuGvcOCUbzxSQ,8737,-178,Obstacle,Obstacle,59
MFJhr0rKEw5plNZvipa9UA,11424,-345,Obstacle,NoCurbRamp,52
sum4pvqJtIYNlPiTg9C1yA,12553,-154,Obstacle,Obstacle,60
ROzxEcuCO0PK4qfTc7-ATA,7648,-508,NoCurbRamp,SurfaceProblem,59
LEn0HiqwG3JEcst164G7_Q,11156,-353,Obstacle,CurbRamp,66
yVu1RX2Ri4CQa2dpYDoxAA,3974,-288,CurbRamp,NoCurbRamp,63
DYaj79mRMTqXSnL4ZZrRZQ,10499,-472,SurfaceProblem,SurfaceProblem,60
aF6Dchf6c-SCQCt9_gMv3w,12234,-700,NoCurbRamp,NoCurbRamp,50
wfqLpqoAsCY8UcFYgoQdWw,11985,-259,Obstacle,Obstacle,56
KfDemhhb5ZW425lspYnvWg,10506,-594,CurbRamp,NoCurbRamp,56
gyFuxqdBmrjXpxMkvJLUnA,909,-188,Obstacle,CurbRamp,53
3TO1sxavsQLIliltuPh5yw,9057,-602,CurbRamp,CurbRamp,51
ElKlsmPuAEyNlkkNamP1-A,4333,-264,SurfaceProblem,CurbRamp,50
rin66HFqEq1A_B9fqR4mHQ,8130,-921,CurbRamp,Obstacle,53
uFQgew8kWyWVfTPkix_N7A,11027,-749,CurbRamp,CurbRamp,55
mMaVhpUkGuNEOXU9nkp4pg,4111,-600,CurbRamp,NoCurbRamp,54
VLnYi6PCtn8Z4h0IkhtNJw,4375,-461,CurbRamp,SurfaceProblem,52
3v1xeZNOZtkRCiHkbLy6vg,682,-786,SurfaceProblem,NoCurbRamp,52
3XcbtAN9IDyoKfRkYR9M1g,2347,-534,CurbRamp,NoCurbRamp,52
R6cNkGxKbE8lgfRyF-Gweg,2080,-398,Obstacle,SurfaceProblem,53
