WejfbZ22qlq-VZJwreE5Fg,3746,3746,NoCurbRamp,SurfaceProblem,60
r2Oo5S8v2ritGCEjbC3fEA,4146,4146,SurfaceProblem,SurfaceProblem,52
bV4C_Q1VLnHuAnCl0C5n6g,70,70,Obstacle,Obstacle,74
W8_emPaPRqM87VAUNvL9KQ,9076,9076,Obstacle,Obstacle,54
T4qW76s-3MCGQfsXJ0G7AA,2201,2201,CurbRamp,Obstacle,63
LsO4IQZWo6v_SB8MIg4QpQ,7141,7141,NoCurbRamp,NoCurbRamp,61
NxGqyhjeCbOGEzwvXp_5lg,2166,2166,NoCurbRamp,SurfaceProblem,77
9Ec-rByR7q90916QMnrZjw,3007,3007,NoCurbRamp,SurfaceProblem,66
qTqy8ApuwdqFJLM39Tpohw,2489,2489,SurfaceProblem,SurfaceProblem,52
oqP7byVfpym5eotQ9U4fdA,4741,4741,NoCurbRamp,SurfaceProblem,52
xjFbY9o7maOIw6WWqGPb3g,4835,4835,Obstacle,SurfaceProblem,51
DF4VBwDNJeFEg80MG6WL-A,4043,4043,SurfaceProblem,SurfaceProblem,43
nZMTzQsf8Yhsb8Dd9yBwHw,2104,2104,NoCurbRamp,SurfaceProblem,58
A-eM226LYCgGNB1WLubj8Q,2339,2339,SurfaceProblem,SurfaceProblem,35
p-rJVykMOw5fr52Lo8svYw,12272,12272,NoCurbRamp,SurfaceProblem,63
FV8qUKIW0My0Nfe2k4459A,9056,9056,SurfaceProblem,Obstacle,52
_ooQwlzQF_tLa6m_NydXoQ,8233,8233,Obstacle,Obstacle,38
z2CaNDeJwX0fFi45ay-xTg,10635,10635,CurbRamp,Obstacle,55
BnNslKXkN6VExflPOKJ8jw,1864,1864,Obstacle,Obstacle,56
nTol0mPdHLvkBYOC2VYToA,1498,1498,CurbRamp,Obstacle,50
hDnmhdxjioVmAw7opmGksQ,159,159,CurbRamp,Obstacle,63
iXYGtES5ujggzEp38_EJYg,9326,9326,Obstacle,Obstacle,50
dTz4WUjV2cN8CdlrYRIljQ,5713,5713,NoCurbRamp,SurfaceProblem,41
brmET-k8-7Wc7c6EpWEc1w,4967,4967,SurfaceProblem,SurfaceProblem,40
Kdy17T0hvCa_9qpAJYHLjg,7149,7149,CurbRamp,Obstacle,52
Hw0xWH4HqJTn2yhCpwNHoA,4012,4012,CurbRamp,SurfaceProblem,55
vgWIpyO2xEL8ceVKK8u4QA,11605,11605,NoCurbRamp,NoCurbRamp,56
0Y_pWJAhRs_uedmnIiIm0A,11124,11124,SurfaceProblem,SurfaceProblem,53
_ThcAfjL-9PVTI2IGWcIkg,5819,5819,NoCurbRamp,Obstacle,59
b_oAXeqgQXNskG-vg5PiVQ,11607,11607,CurbRamp,Obstacle,61
PfUfvQBPMDtsbtpoPlTBpw,4278,4278,SurfaceProblem,SurfaceProblem,78
omDZ1-fFNfCXRBMJfcvQtQ,2510,2510,Obstacle,Obstacle,51
7YiyTzFbvNivLvYXAuu88Q,3852,3852,SurfaceProblem,Obstacle,56
7ujsI1IaeN3Z-zrg4HUQHw,5447,5447,SurfaceProblem,SurfaceProblem,38
fmMub6D899aDUy-lqFWVDA,12477,12477,CurbRamp,Obstacle,52
pX8k1JNtPHn6ApSLt0WG-A,9908,9908,Obstacle,SurfaceProblem,65
dd3XXVb8eaIf5FcUAMqySg,10095,10095,CurbRamp,Obstacle,59
cmucC73cw4gRsuMaUi4rrg,9186,9186,SurfaceProblem,NoCurbRamp,36
RuCFS7Zkg9pqvKOS1KYC9A,3259,3259,CurbRamp,SurfaceProblem,41
7YiyTzFbvNivLvYXAuu88Q,3194,3194,Obstacle,Obstacle,55
Wo48_aT9oB8iT_kLiRKPyw,13244,13244,NoCurbRamp,Obstacle,38
VNQoX0jKHUnS-3q2WUrRYA,7903,7903,CurbRamp,Obstacle,56
nb9t2WMO155n_KZOcxOECQ,4152,4152,Obstacle,Obstacle,57
7Y3UweyyZqDYGrFaXYUyUA,6474,6474,Obstacle,Obstacle,56
KNqpqoiAo51zDgLJZGXmqg,12746,12746,CurbRamp,Obstacle,62
FtVutmNrUKipYvd8o9vcaw,2915,2915,Obstacle,Obstacle,44
9LEVZRCMnKr72YlnRxmw1g,4634,4634,SurfaceProblem,SurfaceProblem,57
VFCm87uDgQGl_dGyUwniWA,6776,6776,NoCurbRamp,CurbRamp,35
E4k4z3NyNliDRFMn_94fig,919,919,SurfaceProblem,Obstacle,66
6WbY_F4cHQF3KGel39vcQw,6991,6991,SurfaceProblem,Obstacle,59
A-eM226LYCgGNB1WLubj8Q,4108,4108,CurbRamp,SurfaceProblem,61
D5Se4AuiyxHr2ht2CkjnBQ,6236,6236,SurfaceProblem,NoCurbRamp,45
3ZqzG78yCvMxWjtsbS4sUA,2820,2820,NoCurbRamp,SurfaceProblem,53
yVu1RX2Ri4CQa2dpYDoxAA,2307,2307,NoCurbRamp,NoCurbRamp,55
AqwNzjEXzE0LhxIln801Gg,813,813,SurfaceProblem,NoCurbRamp,61
ygjyGcyTFoqeYILY2wpOxw,9224,9224,Obstacle,Obstacle,53
xscW1Uom1Upky-QGqHrwhw,3782,3782,CurbRamp,Obstacle,53
eyktT1fL6ymP6jOXXa9_0Q,10691,10691,Obstacle,Obstacle,76
bR6oV1AfV5_ZgG9qxk7sJg,12685,12685,SurfaceProblem,Obstacle,34
gtZURGpFLF06wq2toy_gBg,3533,3533,CurbRamp,Obstacle,57
Kdy17T0hvCa_9qpAJYHLjg,8040,8040,NoCurbRamp,Obstacle,45
OkUNf5Iejn03-NppiYCj0g,5537,5537,SurfaceProblem,Obstacle,56
HmIrniqCXRRLdzjoaAmLfA,9892,9892,Obstacle,SurfaceProblem,55
53PJ9NuERcvfRvPwoRIkUQ,1417,1417,Obstacle,Obstacle,54
pn4K6uKsurl7qs5Dx8eUaA,3750,3750,CurbRamp,Obstacle,55
C_VI7Urkz6UMbfog3Eo5vA,4474,4474,CurbRamp,Obstacle,54
V8mHHhxXbbHC6GxGeSJNWw,2275,2275,CurbRamp,Obstacle,54
v1T1O7XDKe0TzihZhwWkeQ,1359,1359,Obstacle,Obstacle,73
6WbY_F4cHQF3KGel39vcQw,43,43,CurbRamp,CurbRamp,30
1eePVoxBHty00iRN3_k72g,2195,2195,SurfaceProblem,SurfaceProblem,57
iXYGtES5ujggzEp38_EJYg,11083,11083,Obstacle,NoCurbRamp,61
nC0E3q3UrWGGC-bBmo-tZQ,10119,10119,Obstacle,Obstacle,71
rmiHQyvoRbz9ozkfMWjdKA,11419,11419,Obstacle,Obstacle,64
3zcrhqVZmXigArxxbhf3Xg,5017,5017,CurbRamp,Obstacle,51
cCrayTbMqZM40aLipINa4g,550,550,SurfaceProblem,Obstacle,61
SFmz-YEp3vbrMEuNhh206A,9461,9461,Obstacle,Obstacle,51
PzKLPRWBFuASHjalf9__Sw,6386,6386,NoCurbRamp,Obstacle,51
2A6p50LemUj6YuJYRTcoOA,5069,5069,Obstacle,NoCurbRamp,52
lN36mH7jt-ksHznZyegv_g,1879,1879,CurbRamp,Obstacle,54
EWazcRXx4rxAJN-uqRdT1g,5597,5597,Obstacle,Obstacle,64
SyBRKwoEe9GPdCDLFUtSGg,1993,1993,Obstacle,Obstacle,77
yniMIVaOvbrF21Hv797hZw,9259,9259,Obstacle,SurfaceProblem,56
YYphuyoJuOKXQ5SKeDNLZw,12642,12642,NoCurbRamp,SurfaceProblem,67
lk95zcW0edw2sZCB1rMPTA,12710,12710,CurbRamp,CurbRamp,54
lO6AMvS9-cBy5JuBM4SMEw,3486,3486,CurbRamp,SurfaceProblem,60
4gQPTKnVWtTrdCF7HXPANg,9449,9449,CurbRamp,Obstacle,51
phssnN9IGJPhjw6xKvvz-g,1077,1077,CurbRamp,Obstacle,50
7cwGTyrtV6yKUtHO6TmUew,12056,12056,NoCurbRamp,NoCurbRamp,59
b0eOV36e75GdxsTJKxhJzw,5509,5509,CurbRamp,Obstacle,50
tHaeiW4iQaaeTM4gFFqLKw,2223,2223,Obstacle,Obstacle,56
xknXWuoxVvX58NGN6sJ2vQ,361,361,Obstacle,NoCurbRamp,63
-E5BPxO3cbnDFLEmdC4jLA,11235,11235,NoCurbRamp,Obstacle,70
b_oAXeqgQXNskG-vg5PiVQ,5133,5133,Obstacle,Obstacle,66
6WbY_F4cHQF3KGel39vcQw,7272,7272,SurfaceProblem,NoCurbRamp,61
S8AayapUV3yoGfr3yAJArQ,11140,11140,Obstacle,Obstacle,63
OOKrJTBWOBrGyv-rlK5HvA,2350,2350,SurfaceProblem,Obstacle,42
aRBv6J1fZut0D40jKVm0IQ,5383,5383,SurfaceProblem,NoCurbRamp,53
KCe4bSr7VfB-KnwE2M_x0g,12382,12382,CurbRamp,Obstacle,58
lnqOidrfYokO7MFMI2c3iA,10925,10925,CurbRamp,Obstacle,63
7cwGTyrtV6yKUtHO6TmUew,1797,1797,NoCurbRamp,NoCurbRamp,74
3v1xeZNOZtkRCiHkbLy6vg,4801,4801,NoCurbRamp,NoCurbRamp,55
fG8IfgmxxrrbToWxg1L50Q,13036,13036,NoCurbRamp,Obstacle,38
A-eM226LYCgGNB1WLubj8Q,3599,3599,CurbRamp,Obstacle,53
b_oAXeqgQXNskG-vg5PiVQ,11176,11176,CurbRamp,Obstacle,61
oTojcOLTvAojggMKbp3aVA,10336,10336,CurbRamp,Obstacle,56
3ZqzG78yCvMxWjtsbS4sUA,3356,3356,CurbRamp,Obstacle,53
idYCvlxAe29SD5bymWo-7w,6301,6301,Obstacle,Obstacle,41
4Czt4q0BsHpIvLTRccKRuQ,9507,9507,CurbRamp,Obstacle,52
3v1xeZNOZtkRCiHkbLy6vg,6829,6829,SurfaceProblem,NoCurbRamp,60
2A6p50LemUj6YuJYRTcoOA,8668,8668,Obstacle,NoCurbRamp,38
TnANORuEWpEMc44k-EpN1Q,12989,12989,NoCurbRamp,CurbRamp,54
hxvyzDJJpysNtJUSqylkmA,8186,8186,CurbRamp,Obstacle,68
VWa0zg4Hiyt3wpTnm9zJOA,5676,5676,Obstacle,SurfaceProblem,55
uLCrWTPpxr9o-8QTlYD2eg,1952,1952,SurfaceProblem,NoCurbRamp,58
YAZ7bJX-58uxzKbBW5o7yA,11987,11987,CurbRamp,Obstacle,62
JZRKM5-Fqxc4u1VDHhRRKQ,10534,10534,CurbRamp,NoCurbRamp,58
7MUGzvisqGPhkgU93ieBVA,12029,12029,SurfaceProblem,Obstacle,59
XQYW0DFkeikkZ0-m8EXQbA,6981,6981,SurfaceProblem,CurbRamp,53
Y36NiAizeHOC5aoF-yLfZg,1234,1234,Obstacle,Obstacle,56
Y36NiAizeHOC5aoF-yLfZg,7286,7286,CurbRamp,Obstacle,54
EhTLRzg6TtmIoY7RehxgpQ,5881,5881,CurbRamp,SurfaceProblem,40
EWazcRXx4rxAJN-uqRdT1g,12123,12123,Obstacle,Obstacle,46
erQFcbOWEsfSsqza0QubkA,11806,11806,Obstacle,SurfaceProblem,40
ZU7DG-hNFQzV1G3zB23GCw,8916,8916,NoCurbRamp,Obstacle,61
RzaKd9b0PafelNebCgkueQ,5072,5072,Obstacle,Obstacle,58
xpZ2jSxOwSAYpXehsVX4EQ,5102,5102,NoCurbRamp,SurfaceProblem,39
QbqNp0VUD-XAZ5j7qxbACA,1731,1731,Obstacle,Obstacle,56
MdrWtcqInOYOyuDsLSCtQg,13211,13211,CurbRamp,Obstacle,61
mHv9y7Xu5K3QmqG7Lqz2xg,5126,5126,SurfaceProblem,SurfaceProblem,40
4Czt4q0BsHpIvLTRccKRuQ,934,934,CurbRamp,Obstacle,55
92ZZ-oToFsK3Zq25TIkzpw,4525,4525,CurbRamp,Obstacle,65
99PBI-VxMBd5vgqSlelpgw,8687,8687,CurbRamp,Obstacle,58
gU7RHvT-brjK3bSmFstSTw,9211,9211,Obstacle,SurfaceProblem,43
yqrHSGUuf0fIFocD2CRojQ,11543,11543,CurbRamp,SurfaceProblem,46
kg6gvxEVbgegh_-62h0enw,2902,2902,Obstacle,SurfaceProblem,57
MFGP7Rjceict7K2yxFTnYA,2701,2701,Obstacle,SurfaceProblem,38
pJ31pvi0W8a716a4-DdrJw,3130,3130,SurfaceProblem,SurfaceProblem,59
-1VbzB8qqeMVY6rjf3S8rw,3389,3389,CurbRamp,Obstacle,54
H__cSTPL3vwTZxaqRk8Rjg,2749,2749,Obstacle,SurfaceProblem,51
prMAsZ283Q-GBpPv9OA2IQ,5160,5160,SurfaceProblem,NoCurbRamp,34
9qhlqXRrV2TM7REsCty0JQ,8891,8891,CurbRamp,Obstacle,61
14sjCz94yD5Zahs2Ow9Spg,5224,5224,CurbRamp,NoCurbRamp,58
RoOyujZ_v9GlaDgmKdclvw,690,690,SurfaceProblem,NoCurbRamp,53
jQdLwvjVMqab7AAsMcrVQA,600,600,CurbRamp,CurbRamp,57
sPYP6S60xuD2gJ2LDe8w3g,5836,5836,NoCurbRamp,NoCurbRamp,63
CPSqT7H0cQ1PpUs3PRt0kQ,2407,2407,CurbRamp,SurfaceProblem,53
3p46McMD5I9JwL7qNeUnZA,12990,12990,CurbRamp,NoCurbRamp,53
esi9W0M1FomRLwTi-I6Xfg,1911,1911,CurbRamp,Obstacle,56
cw-0K7uRflKtVfwHFhUj-w,5706,5706,NoCurbRamp,NoCurbRamp,59
hYEH3dM1ydGeOvU7l906_A,11453,11453,SurfaceProblem,SurfaceProblem,53
3NCbFOAsTaiCFw19YXDO9A,7317,7317,Obstacle,SurfaceProblem,62
IPINWuRD6RThQtPSHnVRZw,5253,5253,CurbRamp,NoCurbRamp,56
KfDemhhb5ZW425lspYnvWg,8238,8238,SurfaceProblem,NoCurbRamp,37
7cwGTyrtV6yKUtHO6TmUew,7518,7518,CurbRamp,NoCurbRamp,67
0o5UD2lV47rsCz1NNl2_WQ,1856,1856,NoCurbRamp,NoCurbRamp,58
g3MoK7ZQrv5xFgnuhfx-dA,8757,8757,Obstacle,Obstacle,51
tkwxTEfXIL817hZIMDCyrQ,11702,11702,SurfaceProblem,Obstacle,53
UHN-clHdKvxa5CJqs5Pejg,413,413,SurfaceProblem,SurfaceProblem,75
sPYP6S60xuD2gJ2LDe8w3g,13103,13103,NoCurbRamp,NoCurbRamp,64
-xFMgZb4DykoBhCKeUP_yg,3532,3532,CurbRamp,SurfaceProblem,64
Ii4_QF95UYk2cAHEXdn1EA,3920,3920,CurbRamp,CurbRamp,65
fkBll9yUWMB0-OG63wHShQ,5445,5445,NoCurbRamp,NoCurbRamp,70
dBThEy4NAUekmhMfPRK0DQ,162,162,Obstacle,CurbRamp,72
cw-0K7uRflKtVfwHFhUj-w,2223,2223,NoCurbRamp,NoCurbRamp,71
2u2bu486JRAt5O7MRS4lbA,3928,3928,NoCurbRamp,NoCurbRamp,67
fnSNW0E9urQ7bfNcOts3_w,9541,9541,CurbRamp,CurbRamp,52
2A6p50LemUj6YuJYRTcoOA,8452,8452,Obstacle,NoCurbRamp,39
cmucC73cw4gRsuMaUi4rrg,5219,5219,CurbRamp,NoCurbRamp,53
9eFpe2DikIfKiyO-ASA8tQ,13015,13015,CurbRamp,SurfaceProblem,57
e9wI2ahRG382AeEfayqxag,2674,2674,CurbRamp,NoCurbRamp,71
NIWntsyfk5i8XKhKmW26xw,9235,9235,NoCurbRamp,CurbRamp,55
2BcncBnwUvviwVbBqMVaVQ,6991,6991,CurbRamp,NoCurbRamp,69
wiW8PBT09OyhaBosI5vw6A,2097,2097,SurfaceProblem,CurbRamp,59
0o5UD2lV47rsCz1NNl2_WQ,9333,9333,NoCurbRamp,NoCurbRamp,68
_NAC3HOv766nLTRnEsCOwQ,12411,12411,CurbRamp,SurfaceProblem,54
mADzhX_EbNX-almFPPDqZQ,12966,12966,NoCurbRamp,NoCurbRamp,55
V67Nf7PIpKcBCiF0WyaVPQ,5396,5396,NoCurbRamp,NoCurbRamp,75
FpWarYiHs70UkrUkbuMdvw,6929,6929,CurbRamp,Obstacle,58
xe3UHTWPN3lXsODOg_uOpw,2593,2593,CurbRamp,Obstacle,81
4Czt4q0BsHpIvLTRccKRuQ,10755,10755,CurbRamp,Obstacle,65
iXYGtES5ujggzEp38_EJYg,9145,9145,CurbRamp,NoCurbRamp,53
3kR7oWqJErx23hpXpE2qXQ,9297,9297,CurbRamp,Obstacle,42
2u2bu486JRAt5O7MRS4lbA,10337,10337,Obstacle,NoCurbRamp,53
nDi47xXKVTQ8Sv6vPhGllw,4229,4229,SurfaceProblem,SurfaceProblem,60
Y36NiAizeHOC5aoF-yLfZg,13230,13230,Obstacle,Obstacle,52
Fy3HfQpP6t_q2E9HbA9H-Q,4824,4824,SurfaceProblem,Obstacle,38
BH-c-15vWtNvcSwiXeczsA,7774,7774,Obstacle,Obstacle,51
HSxCZPW2UKANuIBVp6vMWA,8789,8789,Obstacle,Obstacle,56
egs0boHfzPW0LGszSF5jQw,4260,4260,Obstacle,SurfaceProblem,63
wZcACJ8ffj0ZiCuts2vH3w,3692,3692,CurbRamp,SurfaceProblem,63
Gk4ytUPkWVUqAx8zqRWMeQ,1598,1598,CurbRamp,SurfaceProblem,45
hgmHcZ0HUps7_SgF3Wr8rg,1385,1385,NoCurbRamp,SurfaceProblem,53
RoOyujZ_v9GlaDgmKdclvw,6143,6143,CurbRamp,CurbRamp,58
dPNG-yOnXb40wmamyg9shQ,12234,12234,CurbRamp,Obstacle,60
A-eM226LYCgGNB1WLubj8Q,31,31,Obstacle,SurfaceProblem,55
Qw2oaODrL9gZo1F6ycUK2Q,2847,2847,Obstacle,NoCurbRamp,31
RXMsOrM8AOxTq7IQAtC1EQ,12641,12641,CurbRamp,NoCurbRamp,61
Us475Cxr5viJbqbGvEkwwg,7001,7001,CurbRamp,NoCurbRamp,57
DTN__8w8ljcdVDYlDJ9Vog,5226,5226,SurfaceProblem,CurbRamp,56
DgTeZQOLBsR_iun9g_k7Yg,5318,5318,NoCurbRamp,NoCurbRamp,69
Qw2oaODrL9gZo1F6ycUK2Q,5400,5400,NoCurbRamp,NoCurbRamp,70
b_oAXeqgQXNskG-vg5PiVQ,57,57,CurbRamp,NoCurbRamp,53
2BcncBnwUvviwVbBqMVaVQ,282,282,CurbRamp,NoCurbRamp,62
QmtfhalnBQ7CEsi1nJmm6g,11633,11633,CurbRamp,NoCurbRamp,52
48JKHgwep8fxH0FYOrDxIg,8152,8152,Obstacle,SurfaceProblem,63
dd3XXVb8eaIf5FcUAMqySg,7170,7170,NoCurbRamp,NoCurbRamp,53
yYKyV-nxAYxLjwjAiQqvwg,6116,6116,SurfaceProblem,Obstacle,56
BmUd-u-5ldZr6-guiNOOPQ,11555,11555,NoCurbRamp,SurfaceProblem,59
b0eOV36e75GdxsTJKxhJzw,12279,12279,CurbRamp,NoCurbRamp,54
0o5UD2lV47rsCz1NNl2_WQ,4665,4665,SurfaceProblem,NoCurbRamp,39
pVD52_sKaanuXoZpx8BhbQ,2543,2543,Obstacle,Obstacle,53
LVbKACFUqHL0i5ALf0P41Q,105,105,NoCurbRamp,NoCurbRamp,52
J_tBBaaUNbKT4rYp3bFvNw,7866,7866,CurbRamp,NoCurbRamp,52
V67Nf7PIpKcBCiF0WyaVPQ,9115,9115,Obstacle,NoCurbRamp,57
DXCYcbKzmYWxfeJEi-_OOg,11644,11644,Obstacle,NoCurbRamp,54
0uBSD94hNzNtxLnIWveJzA,10338,10338,CurbRamp,Obstacle,51
pn4K6uKsurl7qs5Dx8eUaA,6792,6792,SurfaceProblem,SurfaceProblem,65
DQQVQYaPsIAv-ClYBuZjFw,8485,8485,CurbRamp,Obstacle,62
0o5UD2lV47rsCz1NNl2_WQ,3689,3689,NoCurbRamp,NoCurbRamp,54
Vyy9fUxkiJSxcJElurKAHA,5864,5864,SurfaceProblem,CurbRamp,54
3v1xeZNOZtkRCiHkbLy6vg,4259,4259,CurbRamp,NoCurbRamp,52
gaS_5JMafCP7H-HBblKerg,3180,3180,SurfaceProblem,SurfaceProblem,55
_wDncZkkWB4VZlPXTiZURw,3202,3202,NoCurbRamp,NoCurbRamp,61
XnNhHtlKQC3_UqFh1eurjA,8981,8981,CurbRamp,Obstacle,53
FINY_I9SgUaz_ZQyVRLy-g,2753,2753,CurbRamp,NoCurbRamp,55
wuk--sZ3fJyMsMo4tJuybg,8615,8615,Obstacle,NoCurbRamp,36
wuk--sZ3fJyMsMo4tJuybg,12401,12401,NoCurbRamp,NoCurbRamp,63
BMvCjDdQapNk2jq3F3SBPA,11000,11000,CurbRamp,NoCurbRamp,53
CspDf1-wnIOPaLlPBX3nww,6971,6971,CurbRamp,Obstacle,56
xscW1Uom1Upky-QGqHrwhw,7557,7557,CurbRamp,Obstacle,59
eJWBubttfOJG-bGhZ7OiFg,7372,7372,NoCurbRamp,NoCurbRamp,44
DpXwPZS48Y2F_bSP59f5MA,5960,5960,CurbRamp,NoCurbRamp,57
Zezsvr7XeNaoSGgSjOf3gA,2524,2524,Obstacle,NoCurbRamp,56
c6PGLX1MNawqW0_pi_CecQ,4066,4066,NoCurbRamp,Obstacle,78
nH5UoZDHNq05VsGPU_Luuw,9667,9667,Obstacle,SurfaceProblem,70
6WbY_F4cHQF3KGel39vcQw,12326,12326,CurbRamp,CurbRamp,79
vQ353TRlH-x2oZSc1wRx6w,9490,9490,NoCurbRamp,Obstacle,57
YK0syJ2b2bqCUjMpZtLuDg,13002,13002,CurbRamp,SurfaceProblem,53
S3DREANp0DnokEtZU-HcXw,9225,9225,Obstacle,SurfaceProblem,51
IE6mM67r10yhhE7HcULmPA,8739,8739,CurbRamp,Obstacle,59
hDnmhdxjioVmAw7opmGksQ,5912,5912,CurbRamp,Obstacle,58
yVu1RX2Ri4CQa2dpYDoxAA,2554,2554,CurbRamp,NoCurbRamp,53
5pJgGB-f-iM2fV86cXyrJA,802,802,Obstacle,Obstacle,53
mvnYjPHH3a6FMcYDtTSqdQ,8783,8783,CurbRamp,CurbRamp,50
qB4VmYOOJgxbKqnnVoJ6OQ,10055,10055,Obstacle,Obstacle,53
2BcncBnwUvviwVbBqMVaVQ,4956,4956,NoCurbRamp,NoCurbRamp,59
Et9Zm3Esp8JS9UByHyDGww,9073,9073,CurbRamp,SurfaceProblem,52
4EkzT5gKBxFPyqgJujmPiA,9067,9067,CurbRamp,SurfaceProblem,56
S5yCoESMKls_iaNsCbT9kw,2102,2102,CurbRamp,SurfaceProblem,38
sgvtsNYdP42o8L7Y0SsXRA,7248,7248,NoCurbRamp,CurbRamp,52
yniMIVaOvbrF21Hv797hZw,2593,2593,Obstacle,SurfaceProblem,50
dd2exQVRvH26Z-U9btR-tQ,11660,11660,SurfaceProblem,SurfaceProblem,60
BH-c-15vWtNvcSwiXeczsA,11352,11352,SurfaceProblem,Obstacle,37
dKpqih5ra1CpJjoidkcP2Q,7977,7977,NoCurbRamp,SurfaceProblem,52
SXpaK2fKSMlJbyyMyLDNWA,5717,5717,NoCurbRamp,CurbRamp,54
LmXl_0zdMQ1H4d6F3E4OsQ,10268,10268,SurfaceProblem,SurfaceProblem,33
EKF7aMVS97LGLQ4YE9LUPQ,5585,5585,CurbRamp,NoCurbRamp,66
F-6b8FBDGwLu2JxCGig_RA,1631,1631,NoCurbRamp,SurfaceProblem,54
48JKHgwep8fxH0FYOrDxIg,5307,5307,SurfaceProblem,SurfaceProblem,60
-vAa4caDuitVtTkgLnj0Cw,11236,11236,CurbRamp,Obstacle,54
XOzEzP2Jv6SafAFSrUrcRw,646,646,CurbRamp,NoCurbRamp,58
Zezsvr7XeNaoSGgSjOf3gA,2866,2866,Obstacle,NoCurbRamp,52
cWkEELkuM3T425NJSEiYIw,9522,9522,CurbRamp,NoCurbRamp,61
QBDvRv-my7qe6eiFN8dgLA,10038,10038,SurfaceProblem,Obstacle,38
8gTj6xw9o2WLpiBv6RII4A,2656,2656,NoCurbRamp,NoCurbRamp,61
Kl_kg-OWJvzbIeRgNbUm8g,1348,1348,Obstacle,Obstacle,53
Z77IZcLuOgthuvbuUQSHhw,9014,9014,Obstacle,SurfaceProblem,66
rtrLHlyqDYGvkvXLZFTVBg,742,742,Obstacle,Obstacle,52
i-ef21_Qg_4bXyXU8aXu2g,8596,8596,NoCurbRamp,NoCurbRamp,68
Kuul_8eK8myVHWZ8udge7Q,10678,10678,SurfaceProblem,Obstacle,56
grJfveX0s_wYCh7HdWm9CA,5126,5126,CurbRamp,NoCurbRamp,55
OOKrJTBWOBrGyv-rlK5HvA,7704,7704,NoCurbRamp,SurfaceProblem,42
QRIUoS5SzDsluVICN3xF-w,4151,4151,CurbRamp,NoCurbRamp,53
PQYI5oPvgsFqnj2EGINR1w,10152,10152,CurbRamp,SurfaceProblem,55
UZjs2sGmj-t3rzopTZ9yEg,12116,12116,NoCurbRamp,NoCurbRamp,66
7cwGTyrtV6yKUtHO6TmUew,8482,8482,CurbRamp,NoCurbRamp,52
8t3c926RvjgLxvj1PUZBJQ,5625,5625,Obstacle,Obstacle,58
3MUWcxZ-YrPeURtrfYbf5w,9609,9609,CurbRamp,CurbRamp,65
6cyWsniebdKYx0_Ytqa7zQ,2174,2174,NoCurbRamp,NoCurbRamp,59
f5T7Pi29NMjIZLwx0g-uCA,5638,5638,Obstacle,CurbRamp,57
oqP7byVfpym5eotQ9U4fdA,7298,7298,Obstacle,SurfaceProblem,70
4q6KSwWJjSZLUHCYQ-wuhw,94,94,CurbRamp,NoCurbRamp,61
oqP7byVfpym5eotQ9U4fdA,7709,7709,Obstacle,SurfaceProblem,84
D36lEwAyU5GtR8dHXkbkpA,6413,6413,CurbRamp,Obstacle,60
_ThcAfjL-9PVTI2IGWcIkg,1213,1213,NoCurbRamp,NoCurbRamp,57
LsO4IQZWo6v_SB8MIg4QpQ,11596,11596,SurfaceProblem,NoCurbRamp,34
XpeG2ThTLy68KlDbco5i9A,1557,1557,CurbRamp,NoCurbRamp,58
4Czt4q0BsHpIvLTRccKRuQ,1231,1231,CurbRamp,Obstacle,53
g3I51iAXRxPxXdU3HFYwWw,4853,4853,NoCurbRamp,SurfaceProblem,52
Ii4_QF95UYk2cAHEXdn1EA,10791,10791,CurbRamp,CurbRamp,55
4q6KSwWJjSZLUHCYQ-wuhw,13091,13091,Obstacle,NoCurbRamp,56
V-L9_vKYo_c8ftXiiIei2w,1621,1621,SurfaceProblem,NoCurbRamp,62
FGhyVkIwKEWjj7TMKMfOrg,5543,5543,SurfaceProblem,SurfaceProblem,56
MXgWWpeX2CZMdgVmixprxA,8887,8887,CurbRamp,NoCurbRamp,53
e-IyX4KXrmU_l5582FckLA,4117,4117,CurbRamp,SurfaceProblem,53
kQ9pZi1MlC8H3o1qvUrD8g,8753,8753,NoCurbRamp,CurbRamp,54
oNAqPynn2vW830dxL9ZXHw,10975,10975,SurfaceProblem,Obstacle,44
yQZTHOdhIMTSodZfDgxSSA,9795,9795,Obstacle,SurfaceProblem,56
cCrayTbMqZM40aLipINa4g,6649,6649,Obstacle,SurfaceProblem,62
yfHlZtI49FOPmIouR0BBKQ,13182,13182,Obstacle,CurbRamp,62
2zMHlmqFF6V2SHqueb1fZA,595,595,SurfaceProblem,SurfaceProblem,56
F7p6YBAPvT2EyIYHgIRr0g,9345,9345,Obstacle,Obstacle,59
wZcACJ8ffj0ZiCuts2vH3w,3370,3370,CurbRamp,SurfaceProblem,64
DaDkEo_RMthIinrYO1AmRg,10970,10970,NoCurbRamp,Obstacle,53
KORdK8IHxvYAZfm74oaJcw,4924,4924,CurbRamp,CurbRamp,59
2jJkxu3lXUz1cy0efHtWLA,12074,12074,CurbRamp,Obstacle,51
R6cNkGxKbE8lgfRyF-Gweg,1176,1176,SurfaceProblem,SurfaceProblem,69
gU7RHvT-brjK3bSmFstSTw,10558,10558,SurfaceProblem,SurfaceProblem,57
0o5UD2lV47rsCz1NNl2_WQ,12803,12803,NoCurbRamp,NoCurbRamp,63
RvJZByBE_hwxJm1lkHiGCA,7074,7074,Obstacle,NoCurbRamp,54
7p9kDD1V5eaKoDnMh3wsHQ,12032,12032,CurbRamp,SurfaceProblem,54
RBf5L5dGm51jY2_Z_chmZg,9433,9433,Obstacle,NoCurbRamp,55
PzKLPRWBFuASHjalf9__Sw,10896,10896,Obstacle,NoCurbRamp,61
14sjCz94yD5Zahs2Ow9Spg,1769,1769,CurbRamp,NoCurbRamp,68
Q3x9UQXBi_2kN-XWrTYhUA,1628,1628,Obstacle,NoCurbRamp,51
2LC_s3bKjk23akaMjIg-sw,11577,11577,Obstacle,SurfaceProblem,37
KfDemhhb5ZW425lspYnvWg,1635,1635,NoCurbRamp,NoCurbRamp,59
Evs-cluS4i2W1egGd153XA,12418,12418,SurfaceProblem,Obstacle,50
25g2pn8K_Dsxu2PNQ5Lk2g,10313,10313,SurfaceProblem,Obstacle,46
IPINWuRD6RThQtPSHnVRZw,1280,1280,NoCurbRamp,NoCurbRamp,66
D6QlGIhaRxVDxvAJoyqYzw,2954,2954,NoCurbRamp,SurfaceProblem,64
NxGqyhjeCbOGEzwvXp_5lg,1724,1724,NoCurbRamp,SurfaceProblem,67
tMFdyUdtKduVYsbRA-fFIw,10306,10306,NoCurbRamp,NoCurbRamp,56
uj5JioLmsHq0HYFYdc2RDA,8912,8912,CurbRamp,SurfaceProblem,57
YYphuyoJuOKXQ5SKeDNLZw,7719,7719,CurbRamp,NoCurbRamp,55
J8iiaRoudF78zOdZ4Mp0Zg,7500,7500,NoCurbRamp,Obstacle,54
2A6p50LemUj6YuJYRTcoOA,5165,5165,Obstacle,NoCurbRamp,66
tbgMFLWDFU29avLT5rkWFg,6065,6065,Obstacle,Obstacle,37
Cci2wm1Wfr0ph5D69JP6VA,12861,12861,NoCurbRamp,SurfaceProblem,51
XOzEzP2Jv6SafAFSrUrcRw,5596,5596,CurbRamp,Obstacle,69
tFcItjmnGc2OC6Hy6tJsFg,1965,1965,CurbRamp,Obstacle,59
ymHnUjaNEL8C6LPjRJ_wVw,7936,7936,Obstacle,NoCurbRamp,40
-3U8A-IJ0SPGQd379GCfMA,5140,5140,CurbRamp,NoCurbRamp,65
2u2bu486JRAt5O7MRS4lbA,9741,9741,NoCurbRamp,NoCurbRamp,42
iDeAJiKekwNrCVTHPRdPHA,6106,6106,Obstacle,NoCurbRamp,58
KfDemhhb5ZW425lspYnvWg,2129,2129,NoCurbRamp,NoCurbRamp,59
5e3Kuxn3vgakasEGFtOzqQ,4063,4063,Obstacle,SurfaceProblem,56
nC0E3q3UrWGGC-bBmo-tZQ,1078,1078,Obstacle,Obstacle,62
Rnyo_eVNmfyIVbpd8DQUhQ,1530,1530,SurfaceProblem,SurfaceProblem,58
bgCkwWgjygVcSAM6YRg_Cw,11898,11898,SurfaceProblem,Obstacle,40
DD_VEw86rKdcCULiczEY9g,8435,8435,CurbRamp,NoCurbRamp,63
tZHOrrbDCzp4891QzpNGjw,10072,10072,CurbRamp,Obstacle,72
Vyy9fUxkiJSxcJElurKAHA,4527,4527,CurbRamp,CurbRamp,67
LsO4IQZWo6v_SB8MIg4QpQ,11214,11214,Obstacle,Obstacle,58
ElKlsmPuAEyNlkkNamP1-A,3397,3397,SurfaceProblem,CurbRamp,51
C53067ydrIIbtOGk9Vb7Zw,7065,7065,Obstacle,Obstacle,60
oqP7byVfpym5eotQ9U4fdA,2266,2266,SurfaceProblem,SurfaceProblem,72
R6cNkGxKbE8lgfRyF-Gweg,2279,2279,SurfaceProblem,SurfaceProblem,61
lnqOidrfYokO7MFMI2c3iA,9655,9655,NoCurbRamp,CurbRamp,53
nNa7rni0Jsc072VR35NrMA,5141,5141,Obstacle,SurfaceProblem,50
g3MoK7ZQrv5xFgnuhfx-dA,8977,8977,SurfaceProblem,Obstacle,42
-BPVTwhyTejjLbIJiUVYIQ,5634,5634,SurfaceProblem,NoCurbRamp,54
QOj07LM2sJRztq0zpQgdiA,4145,4145,Obstacle,SurfaceProblem,66
ldonyg07uBZaBZdsoLo-4w,1495,1495,NoCurbRamp,CurbRamp,56
7cwGTyrtV6yKUtHO6TmUew,5460,5460,SurfaceProblem,NoCurbRamp,67
QleGS_DWou9lxMCVqcbdGw,9076,9076,SurfaceProblem,SurfaceProblem,37
YYphuyoJuOKXQ5SKeDNLZw,11378,11378,CurbRamp,SurfaceProblem,58
U-aA9ZXvFpX_IZLwNb-VRQ,11357,11357,CurbRamp,NoCurbRamp,59
IT2dfDwuT3ILynWGk5l2mQ,6969,6969,CurbRamp,NoCurbRamp,56
prMAsZ283Q-GBpPv9OA2IQ,7370,7370,NoCurbRamp,NoCurbRamp,63
V-L9_vKYo_c8ftXiiIei2w,2872,2872,CurbRamp,NoCurbRamp,57
b8uMSrUFLW_ZOlvDrmXCdw,6168,6168,NoCurbRamp,CurbRamp,55
pn4K6uKsurl7qs5Dx8eUaA,761,761,CurbRamp,SurfaceProblem,59
yt6KitTEDAm1JeRSKX0LzA,13270,13270,SurfaceProblem,SurfaceProblem,45
vBRjYSo2WAiZh0hTbiK3wQ,7608,7608,CurbRamp,NoCurbRamp,58
GzuJbGhFP6uVjhZvrCQu4A,1622,1622,SurfaceProblem,SurfaceProblem,58
1CFSyybZ8z6-j0nesmhcqg,11041,11041,NoCurbRamp,NoCurbRamp,62
BEa5noICZ6L9qUHmvRSpdA,3495,3495,SurfaceProblem,Obstacle,55
0o5UD2lV47rsCz1NNl2_WQ,11977,11977,NoCurbRamp,NoCurbRamp,60
prMAsZ283Q-GBpPv9OA2IQ,1254,1254,Obstacle,NoCurbRamp,59
9qhlqXRrV2TM7REsCty0JQ,9837,9837,CurbRamp,NoCurbRamp,59
aRutmcv8nbLAJDyi35hv0g,11127,11127,SurfaceProblem,SurfaceProblem,56
uWPAjP8Triep31iGpMjNSw,4722,4722,CurbRamp,NoCurbRamp,53
5e3Kuxn3vgakasEGFtOzqQ,13114,13114,CurbRamp,Obstacle,59
qKcwWu5u88_c2kbSmaX1XA,9758,9758,CurbRamp,SurfaceProblem,58
V67Nf7PIpKcBCiF0WyaVPQ,562,562,CurbRamp,NoCurbRamp,61
Q18ECcAk8HQ1MMOrIsrF1Q,11172,11172,SurfaceProblem,SurfaceProblem,51
Qw2oaODrL9gZo1F6ycUK2Q,10039,10039,NoCurbRamp,NoCurbRamp,50
cf_sTwiOnWEbXxFsphfd6g,12941,12941,CurbRamp,CurbRamp,55
-3U8A-IJ0SPGQd379GCfMA,9102,9102,CurbRamp,NoCurbRamp,67
PHX6r5P30IfYeUDCiu3EUw,6357,6357,CurbRamp,NoCurbRamp,51
ZAThj5Joc7EFCWu1it04Aw,12321,12321,Obstacle,NoCurbRamp,61
A-eM226LYCgGNB1WLubj8Q,1000,1000,CurbRamp,SurfaceProblem,66
MFJhr0rKEw5plNZvipa9UA,1980,1980,Obstacle,NoCurbRamp,57
IPINWuRD6RThQtPSHnVRZw,1334,1334,NoCurbRamp,NoCurbRamp,74
Hkkd46THdavEkpF-efxsTg,4212,4212,CurbRamp,SurfaceProblem,52
7UIE4y4L9-wC2z1B8FEi4w,11686,11686,CurbRamp,CurbRamp,52
OOW5hLZ7pezdcQlgUrclGg,3952,3952,SurfaceProblem,NoCurbRamp,55
WDdDIEsU9K4uzChruF42xw,13029,13029,Obstacle,SurfaceProblem,59
SaKr-bpdbnxS-MOqoU_d5w,750,750,SurfaceProblem,Obstacle,36
MFJhr0rKEw5plNZvipa9UA,930,930,Obstacle,NoCurbRamp,57
HTZEaw8gPnRj6ltd83FYaQ,7906,7906,SurfaceProblem,CurbRamp,59
cWkEELkuM3T425NJSEiYIw,8178,8178,Obstacle,NoCurbRamp,65
3XcbtAN9IDyoKfRkYR9M1g,10807,10807,NoCurbRamp,NoCurbRamp,56
YbecMuUtJmLkQppBEFV91w,1948,1948,CurbRamp,CurbRamp,62
LDqbVjEhST3TpTT4PRg3cg,8782,8782,CurbRamp,CurbRamp,62
EYh_b79d4UmZckZjky6KHA,55,55,CurbRamp,Obstacle,55
3XcbtAN9IDyoKfRkYR9M1g,13139,13139,Obstacle,NoCurbRamp,37
RgAYCVuHf6sd0iTrBNwUnQ,5628,5628,NoCurbRamp,NoCurbRamp,80
hROnAMt4yBTMOdbzh2TJ_g,12695,12695,Obstacle,Obstacle,30
a7N6bjhpDZYByxaD85GS2Q,5843,5843,CurbRamp,Obstacle,51
GUHLeza3_msRdKpZNbPIIQ,3858,3858,Obstacle,SurfaceProblem,43
EAbAcVsNOSF7r0dxqLvzNQ,9798,9798,NoCurbRamp,Obstacle,60
LIECuDE8B1XT6NvM9nAZxw,8871,8871,Obstacle,Obstacle,56
14sjCz94yD5Zahs2Ow9Spg,6095,6095,CurbRamp,SurfaceProblem,59
FV6DlRKb1i3BAmMTgyOe7g,12931,12931,NoCurbRamp,SurfaceProblem,51
5staAYT3Df3tLH4QPXFQ8A,10063,10063,CurbRamp,SurfaceProblem,55
2u2bu486JRAt5O7MRS4lbA,9847,9847,NoCurbRamp,NoCurbRamp,44
E4k4z3NyNliDRFMn_94fig,10984,10984,Obstacle,Obstacle,60
8o8dWxup0lCeitIOBzJklw,1543,1543,NoCurbRamp,NoCurbRamp,54
vQCWx0P7DExHD-KIfA7keA,1870,1870,SurfaceProblem,NoCurbRamp,56
UZjs2sGmj-t3rzopTZ9yEg,9601,9601,NoCurbRamp,NoCurbRamp,53
sOAgbWeCMP-MX3AIZgLnuQ,12025,12025,NoCurbRamp,SurfaceProblem,55
oqP7byVfpym5eotQ9U4fdA,1662,1662,SurfaceProblem,SurfaceProblem,63
_tRAfCvl_Ffq_ojGtma-Rg,6117,6117,Obstacle,NoCurbRamp,35
wgZ25_QKLDhmVEFkPAmBJw,5291,5291,SurfaceProblem,NoCurbRamp,54
92WFAHWEHCCtEiLkxgg9tA,6763,6763,CurbRamp,NoCurbRamp,60
7c0Z_fACjr9IYQWZt-kIKw,8705,8705,SurfaceProblem,Obstacle,52
JT2edfLPXRslHpdLq7PBlg,8275,8275,CurbRamp,SurfaceProblem,59
tXeXR2iHkExc6YHxy0fNTw,8446,8446,NoCurbRamp,Obstacle,57
TIfamuruFLruNvHHEq-rKg,2441,2441,SurfaceProblem,SurfaceProblem,53
q5fCC1bQp9rWAqsK2INudg,2202,2202,Obstacle,SurfaceProblem,53
AqwNzjEXzE0LhxIln801Gg,12197,12197,CurbRamp,NoCurbRamp,38
_wDncZkkWB4VZlPXTiZURw,8014,8014,SurfaceProblem,NoCurbRamp,65
14xsLkfYNZFNILRGlbCjEA,3825,3825,SurfaceProblem,SurfaceProblem,60
6chqaEJxkjf-TZt9J0pAng,2947,2947,NoCurbRamp,CurbRamp,64
3TO1sxavsQLIliltuPh5yw,11183,11183,Obstacle,CurbRamp,64
kiWIHsPfTRQUwMBT-KgJmw,11962,11962,Obstacle,NoCurbRamp,27
cmucC73cw4gRsuMaUi4rrg,7133,7133,NoCurbRamp,NoCurbRamp,58
UIIcIUi80TRWDxVTg9DIew,8240,8240,SurfaceProblem,Obstacle,53
9FHVKE2wBVwN11kAMh6hZA,1583,1583,SurfaceProblem,Obstacle,52
GxlBBMmxjTeM5FZNLj7GxA,9785,9785,Obstacle,NoCurbRamp,59
XOzEzP2Jv6SafAFSrUrcRw,11790,11790,Obstacle,Obstacle,51
vab8Pdz_crutOLFqS9r9Ew,1354,1354,CurbRamp,SurfaceProblem,59
krbG8mFO2uC3kggn6Lf9bA,6302,6302,Obstacle,Obstacle,53
hnOR6BPuEdRZOzmfdPwTmQ,8300,8300,Obstacle,NoCurbRamp,50
y6ZDqnHhGgFaobwkzJVjMg,4664,4664,Obstacle,Obstacle,36
Zezsvr7XeNaoSGgSjOf3gA,12799,12799,Obstacle,NoCurbRamp,29
EhTLRzg6TtmIoY7RehxgpQ,701,701,SurfaceProblem,SurfaceProblem,61
_ThcAfjL-9PVTI2IGWcIkg,7808,7808,CurbRamp,NoCurbRamp,53
s2nMSHn1P52ZikApKY5pjQ,12260,12260,Obstacle,Obstacle,52
ATAqxJHKVWC6i-_DW9UL7Q,6049,6049,NoCurbRamp,SurfaceProblem,60
99PBI-VxMBd5vgqSlelpgw,11971,11971,CurbRamp,Obstacle,65
Da19hCHGCWBTeX79Ilg-ew,10460,10460,NoCurbRamp,Obstacle,58
PFP2FmkMMob1WMpM1MKmIQ,8962,8962,CurbRamp,Obstacle,56
b0eOV36e75GdxsTJKxhJzw,1487,1487,NoCurbRamp,NoCurbRamp,67
MI2mHW0lk99jBc1OlS7XfQ,1708,1708,Obstacle,SurfaceProblem,64
AMy0YK5e6tKbSaD4_gU9Nw,10211,10211,CurbRamp,NoCurbRamp,54
_ThcAfjL-9PVTI2IGWcIkg,11731,11731,NoCurbRamp,NoCurbRamp,55
s0KBF-NTJWfWRypEZmihFw,1980,1980,SurfaceProblem,SurfaceProblem,50
DZtX1-3WTIFwW5UFbYpS-A,1375,1375,CurbRamp,Obstacle,63
ymHnUjaNEL8C6LPjRJ_wVw,5553,5553,NoCurbRamp,NoCurbRamp,73
xqSBfoABGMynOhaT3pHAfw,10046,10046,SurfaceProblem,SurfaceProblem,55
adncGCyUWm5LJlS4P-o8mA,8231,8231,CurbRamp,CurbRamp,54
RHbZG3DcwOhPI5zZIO6-Fw,5483,5483,CurbRamp,NoCurbRamp,59
fz5xclCGUL9z1Oy-o3orFA,7890,7890,CurbRamp,CurbRamp,60
prMAsZ283Q-GBpPv9OA2IQ,11455,11455,CurbRamp,NoCurbRamp,55
bPEb5uw8mX5ZSlkrU1Y-xA,12669,12669,Obstacle,NoCurbRamp,44
4Czt4q0BsHpIvLTRccKRuQ,6407,6407,CurbRamp,CurbRamp,57
gwaguiUgmjnaIifu9NH2PQ,4897,4897,Obstacle,CurbRamp,38
oqP7byVfpym5eotQ9U4fdA,2419,2419,SurfaceProblem,SurfaceProblem,62
QIC-EIIv1ASG8tNIgX88Fg,10363,10363,CurbRamp,Obstacle,68
3v1xeZNOZtkRCiHkbLy6vg,2364,2364,SurfaceProblem,NoCurbRamp,57
yVu1RX2Ri4CQa2dpYDoxAA,4849,4849,NoCurbRamp,NoCurbRamp,59
4lEithDD2wdbbC9A9J6xUA,8077,8077,CurbRamp,SurfaceProblem,57
__gV-vKtTLI-emv7ySZv5Q,1948,1948,NoCurbRamp,SurfaceProblem,54
iXYGtES5ujggzEp38_EJYg,7257,7257,SurfaceProblem,NoCurbRamp,35
9Ix3kQsLG9Jiebfr8jHcNw,1527,1527,CurbRamp,SurfaceProblem,37
Y8my1cju0ZJm790K50k4yQ,239,239,NoCurbRamp,NoCurbRamp,77
oRyc2VCKUyDyGK5NXrXt5w,9675,9675,NoCurbRamp,Obstacle,42
brG9L6yvtPFMcvyrUwVikw,11230,11230,Obstacle,SurfaceProblem,70
7cwGTyrtV6yKUtHO6TmUew,10425,10425,NoCurbRamp,NoCurbRamp,64
Y8my1cju0ZJm790K50k4yQ,4128,4128,Obstacle,NoCurbRamp,35
7UIE4y4L9-wC2z1B8FEi4w,9001,9001,CurbRamp,Obstacle,62
Q17zI-Vya1bFpVeEtsgfpQ,7238,7238,SurfaceProblem,NoCurbRamp,55
rHc5fmrF8f1J1NXUuHCHng,10201,10201,CurbRamp,NoCurbRamp,56
23DMSvp74A0XwLTNhFx5cg,10494,10494,Obstacle,Obstacle,53
_wDncZkkWB4VZlPXTiZURw,10462,10462,SurfaceProblem,NoCurbRamp,52
nNHtehJ0XBvsktq_SUroJA,306,306,Obstacle,Obstacle,62
3XcbtAN9IDyoKfRkYR9M1g,5301,5301,NoCurbRamp,NoCurbRamp,67
LIECuDE8B1XT6NvM9nAZxw,9788,9788,Obstacle,Obstacle,58
sum4pvqJtIYNlPiTg9C1yA,12553,12553,Obstacle,Obstacle,60
ROzxEcuCO0PK4qfTc7-ATA,7648,7648,NoCurbRamp,SurfaceProblem,59
yVu1RX2Ri4CQa2dpYDoxAA,3974,3974,CurbRamp,NoCurbRamp,63
DYaj79mRMTqXSnL4ZZrRZQ,10499,10499,SurfaceProblem,SurfaceProblem,60
KfDemhhb5ZW425lspYnvWg,10506,10506,CurbRamp,NoCurbRamp,56
3TO1sxavsQLIliltuPh5yw,9057,9057,CurbRamp,CurbRamp,51
VLnYi6PCtn8Z4h0IkhtNJw,4375,4375,CurbRamp,SurfaceProblem,52
3v1xeZNOZtkRCiHkbLy6vg,682,682,SurfaceProblem,NoCurbRamp,52
